delivery_id,order_id,delivery_date,delivered_quantity,delivery_status,driver,proof_of_delivery
DEL50001,ORD10001,2007-10-03,41,Delivered,Hidetoshi,No signature
DEL50002,ORD10002,2007-10-07,44,Delivered,Madge,signed
DEL50003,ORD10003,2007-10-03,12,Delivered,Glenn,signed
DEL50004,ORD10005,2007-10-06,4,Delivered,Glenn,SIGND
DEL50005,ORD10006,2007-10-07,31,Delivered,Hidetoshi,No signature
DEL50006,ORD10007,2007-10-10,7,Delivered,Madge,Signed
DEL50007,ORD10008,2007-10-04,38,Delivered,Hidetoshi,SIGND
DEL50008,ORD10009,2007-10-10,35,Delivered,Hidetoshi,SIGND
DEL50009,ORD10010,2007-10-10,21,Delivered,Madge,Signed
DEL50010,ORD10012,2007-10-06,17,Delivered,Madge,signed
DEL50011,ORD10013,2007-10-10,42,Delivered,Madge,signed
DEL50012,ORD10014,2007-10-10,21,Delivered,Madge,SIGND
DEL50013,ORD10015,2007-10-06,32,Delivered,Madge,signed
DEL50014,ORD10016,2007-10-11,9,Partial,Madge,No signature
DEL50015,ORD10017,2007-10-06,27,Delivered,Madge,signed
DEL50016,ORD10018,2007-10-12,13,Delivered,Hidetoshi,SIGND
DEL50017,ORD10019,2007-10-11,43,Delivered,Hidetoshi,signed
DEL50018,ORD10020,2007-10-12,39,Delivered,Glenn,No signature
DEL50019,ORD10021,2007-10-12,20,Delivered,Glenn,Signed
DEL50020,ORD10022,2007-10-13,45,Delivered,Hidetoshi,Signed
DEL50021,ORD10023,2007-10-15,24,Delivered,Hidetoshi,SIGND
DEL50022,ORD10024,2007-10-12,7,Delivered,Glenn,SIGND
DEL50023,ORD10026,2007-10-12,33,Delivered,Glenn,Signed
DEL50024,ORD10027,2007-10-17,44,Delivered,Glenn,Signed
DEL50025,ORD10028,2007-10-14,32,Delivered,Hidetoshi,No signature
DEL50026,ORD10029,2007-10-16,32,Delivered,Hidetoshi,No signature
DEL50027,ORD10030,2007-10-13,15,Delivered,Madge,No signature
DEL50028,ORD10031,2007-10-17,19,Delivered,Madge,Signed
DEL50029,ORD10032,2007-10-16,12,Delivered,Glenn,signed
DEL50030,ORD10033,2007-10-19,35,Delivered,Glenn,No signature
DEL50031,ORD10034,2007-10-15,25,Delivered,Hidetoshi,SIGND
DEL50032,ORD10035,2007-10-16,7,Delivered,Hidetoshi,Signed
DEL50033,ORD10036,2007-10-16,6,Delivered,Hidetoshi,signed
DEL50034,ORD10037,2007-10-20,27,Delivered,Hidetoshi,No signature
DEL50035,ORD10038,2007-10-21,30,Delivered,Hidetoshi,No signature
DEL50036,ORD10040,2007-10-18,32,Delivered,Glenn,signed
DEL50037,ORD10041,2007-10-22,18,Delivered,Hidetoshi,signed
DEL50038,ORD10042,2007-10-19,8,Delivered,Glenn,Signed
DEL50039,ORD10043,2007-10-20,40,Delivered,Hidetoshi,Signed
DEL50040,ORD10044,2007-10-24,6,Delivered,Glenn,No signature
DEL50041,ORD10045,2007-10-24,40,Delivered,Hidetoshi,No signature
DEL50042,ORD10046,2007-10-26,29,Delivered,Hidetoshi,Signed
DEL50043,ORD10047,2007-10-21,13,Partial,Glenn,SIGND
DEL50044,ORD10048,2007-10-24,12,Delivered,Madge,Signed
DEL50045,ORD10049,2007-10-27,5,Delivered,Hidetoshi,Signed
DEL50046,ORD10050,2007-10-25,14,Delivered,Glenn,Signed
DEL50047,ORD10051,2007-10-26,3,Delivered,Glenn,signed
DEL50048,ORD10052,2007-10-23,35,Delivered,Hidetoshi,No signature
DEL50049,ORD10053,2007-10-29,27,Delivered,Madge,SIGND
DEL50050,ORD10054,2007-10-30,10,Delivered,Madge,signed
DEL50051,ORD10055,2007-10-24,39,Delivered,Hidetoshi,Signed
DEL50052,ORD10056,2007-10-24,38,Delivered,Madge,No signature
DEL50053,ORD10057,2007-10-25,28,Delivered,Hidetoshi,SIGND
DEL50054,ORD10058,2007-10-31,39,Delivered,Madge,signed
DEL50055,ORD10060,2007-10-25,14,Delivered,Madge,Signed
DEL50056,ORD10061,2007-10-30,19,Delivered,Madge,No signature
DEL50057,ORD10062,2007-10-29,8,Delivered,Hidetoshi,signed
DEL50058,ORD10063,2007-10-29,6,Delivered,Hidetoshi,Signed
DEL50059,ORD10064,2007-10-29,4,Delivered,Glenn,Signed
DEL50060,ORD10065,2007-10-27,19,Delivered,Hidetoshi,signed
DEL50061,ORD10067,2007-10-31,26,Delivered,Hidetoshi,Signed
DEL50062,ORD10068,2007-11-03,23,Delivered,Madge,No signature
DEL50063,ORD10069,2007-11-02,40,Delivered,Glenn,No signature
DEL50064,ORD10070,2007-11-02,32,Delivered,Hidetoshi,No signature
DEL50065,ORD10071,2007-11-03,5,Delivered,Glenn,Signed
DEL50066,ORD10073,2007-11-06,8,Delivered,Hidetoshi,signed
DEL50067,ORD10075,2007-11-03,28,Delivered,Glenn,signed
DEL50068,ORD10076,2007-11-08,24,Partial,Madge,No signature
DEL50069,ORD10077,2007-11-03,9,Delivered,Hidetoshi,signed
DEL50070,ORD10079,2007-11-03,12,Delivered,Glenn,Signed
DEL50071,ORD10080,2007-11-08,17,Delivered,Glenn,No signature
DEL50072,ORD10081,2007-11-05,41,Delivered,Madge,No signature
DEL50073,ORD10082,2007-11-05,42,Delivered,Madge,No signature
DEL50074,ORD10083,2007-11-08,8,Delivered,Glenn,No signature
DEL50075,ORD10086,2007-11-12,21,Delivered,Hidetoshi,No signature
DEL50076,ORD10087,2007-11-12,14,Delivered,Hidetoshi,SIGND
DEL50077,ORD10088,2007-11-08,31,Partial,Madge,No signature
DEL50078,ORD10089,2007-11-11,29,Delivered,Hidetoshi,Signed
DEL50079,ORD10090,2007-11-09,21,Delivered,Glenn,signed
DEL50080,ORD10091,2007-11-09,29,Delivered,Glenn,No signature
DEL50081,ORD10092,2007-11-11,6,Delivered,Glenn,No signature
DEL50082,ORD10093,2007-11-13,21,Delivered,Madge,signed
DEL50083,ORD10094,2007-11-10,18,Partial,Glenn,No signature
DEL50084,ORD10095,2007-11-14,8,Delivered,Glenn,No signature
DEL50085,ORD10096,2007-11-13,35,Delivered,Madge,SIGND
DEL50086,ORD10097,2007-11-12,20,Delivered,Glenn,SIGND
DEL50087,ORD10098,2007-11-10,10,Delivered,Hidetoshi,No signature
DEL50088,ORD10099,2007-11-13,41,Delivered,Glenn,SIGND
DEL50089,ORD10100,2007-11-15,9,Delivered,Madge,SIGND
DEL50090,ORD10101,2007-11-17,10,Delivered,Glenn,SIGND
DEL50091,ORD10103,2007-11-17,12,Delivered,Glenn,Signed
DEL50092,ORD10104,2007-11-18,38,Delivered,Madge,No signature
DEL50093,ORD10105,2007-11-18,43,Delivered,Madge,signed
DEL50094,ORD10106,2007-11-15,7,Delivered,Hidetoshi,Signed
DEL50095,ORD10107,2007-11-20,36,Delivered,Hidetoshi,signed
DEL50096,ORD10108,2007-11-18,20,Delivered,Glenn,No signature
DEL50097,ORD10109,2007-11-18,14,Delivered,Hidetoshi,signed
DEL50098,ORD10110,2007-11-20,39,Delivered,Madge,signed
DEL50099,ORD10111,2007-11-21,10,Delivered,Hidetoshi,No signature
DEL50100,ORD10112,2007-11-18,33,Delivered,Glenn,SIGND
DEL50101,ORD10113,2007-11-25,13,Delivered,Hidetoshi,signed
DEL50102,ORD10114,2007-11-24,9,Delivered,Madge,Signed
DEL50103,ORD10116,2007-11-26,29,Delivered,Madge,Signed
DEL50104,ORD10117,2007-11-24,36,Delivered,Hidetoshi,No signature
DEL50105,ORD10118,2007-11-23,10,Delivered,Madge,Signed
DEL50106,ORD10119,2007-11-23,10,Delivered,Glenn,Signed
DEL50107,ORD10120,2007-11-26,39,Delivered,Hidetoshi,Signed
DEL50108,ORD10121,2007-11-27,14,Delivered,Glenn,SIGND
DEL50109,ORD10122,2007-11-22,38,Delivered,Glenn,SIGND
DEL50110,ORD10123,2007-11-25,32,Delivered,Glenn,signed
DEL50111,ORD10124,2007-11-24,43,Delivered,Hidetoshi,No signature
DEL50112,ORD10125,2007-11-27,43,Delivered,Hidetoshi,Signed
DEL50113,ORD10126,2007-11-23,19,Delivered,Hidetoshi,SIGND
DEL50114,ORD10127,2007-11-23,8,Delivered,Hidetoshi,Signed
DEL50115,ORD10128,2007-11-27,30,Delivered,Glenn,No signature
DEL50116,ORD10130,2007-11-25,10,Delivered,Hidetoshi,Signed
DEL50117,ORD10131,2007-12-02,38,Delivered,Madge,No signature
DEL50118,ORD10132,2007-11-27,45,Delivered,Hidetoshi,Signed
DEL50119,ORD10133,2007-11-28,43,Delivered,Glenn,Signed
DEL50120,ORD10135,2007-11-27,42,Delivered,Hidetoshi,SIGND
DEL50121,ORD10136,2007-11-29,11,Delivered,Hidetoshi,Signed
DEL50122,ORD10137,2007-12-05,38,Delivered,Glenn,SIGND
DEL50123,ORD10138,2007-12-04,21,Delivered,Glenn,signed
DEL50124,ORD10139,2007-12-05,27,Delivered,Hidetoshi,No signature
DEL50125,ORD10140,2007-12-04,36,Delivered,Hidetoshi,No signature
DEL50126,ORD10142,2007-12-02,14,Delivered,Glenn,No signature
DEL50127,ORD10143,2007-11-30,36,Delivered,Glenn,Signed
DEL50128,ORD10144,2007-12-04,21,Delivered,Madge,Signed
DEL50129,ORD10145,2007-12-03,24,Partial,Madge,signed
DEL50130,ORD10146,2007-12-05,35,Delivered,Glenn,No signature
DEL50131,ORD10147,2007-12-04,23,Partial,Glenn,No signature
DEL50132,ORD10148,2007-12-03,30,Delivered,Hidetoshi,No signature
DEL50133,ORD10150,2007-12-07,18,Delivered,Madge,signed
DEL50134,ORD10151,2007-12-11,37,Delivered,Glenn,SIGND
DEL50135,ORD10152,2007-12-07,39,Delivered,Madge,No signature
DEL50136,ORD10153,2007-12-05,24,Delivered,Glenn,Signed
DEL50137,ORD10154,2007-12-06,26,Delivered,Hidetoshi,Signed
DEL50138,ORD10155,2007-12-08,27,Delivered,Madge,signed
DEL50139,ORD10156,2007-12-07,33,Delivered,Hidetoshi,Signed
DEL50140,ORD10157,2007-12-12,39,Delivered,Hidetoshi,No signature
DEL50141,ORD10158,2007-12-13,17,Delivered,Glenn,SIGND
DEL50142,ORD10159,2007-12-12,16,Delivered,Glenn,SIGND
DEL50143,ORD10160,2007-12-09,39,Delivered,Glenn,signed
DEL50144,ORD10161,2007-12-14,37,Delivered,Madge,No signature
DEL50145,ORD10162,2007-12-11,26,Partial,Glenn,signed
DEL50146,ORD10164,2007-12-13,18,Delivered,Madge,signed
DEL50147,ORD10165,2007-12-18,14,Delivered,Hidetoshi,SIGND
DEL50148,ORD10166,2007-12-18,29,Delivered,Hidetoshi,SIGND
DEL50149,ORD10167,2007-12-14,11,Delivered,Hidetoshi,Signed
DEL50150,ORD10168,2007-12-15,12,Delivered,Hidetoshi,No signature
DEL50151,ORD10169,2007-12-14,9,Delivered,Madge,signed
DEL50152,ORD10170,2007-12-20,24,Partial,Madge,signed
DEL50153,ORD10171,2007-12-14,4,Delivered,Glenn,Signed
DEL50154,ORD10172,2007-12-19,28,Delivered,Hidetoshi,No signature
DEL50155,ORD10173,2007-12-17,8,Delivered,Hidetoshi,No signature
DEL50156,ORD10174,2007-12-20,16,Delivered,Hidetoshi,SIGND
DEL50157,ORD10175,2007-12-15,19,Delivered,Madge,No signature
DEL50158,ORD10176,2007-12-16,33,Delivered,Hidetoshi,No signature
DEL50159,ORD10177,2007-12-21,21,Delivered,Madge,SIGND
DEL50160,ORD10178,2007-12-18,6,Delivered,Hidetoshi,SIGND
DEL50161,ORD10179,2007-12-22,38,Delivered,Madge,No signature
DEL50162,ORD10180,2007-12-18,18,Delivered,Hidetoshi,No signature
DEL50163,ORD10181,2007-12-18,18,Delivered,Madge,No signature
DEL50164,ORD10182,2007-12-19,40,Delivered,Hidetoshi,signed
DEL50165,ORD10183,2007-12-21,37,Delivered,Hidetoshi,No signature
DEL50166,ORD10184,2007-12-21,29,Delivered,Madge,No signature
DEL50167,ORD10185,2007-12-23,45,Delivered,Madge,No signature
DEL50168,ORD10186,2007-12-22,27,Delivered,Hidetoshi,SIGND
DEL50169,ORD10187,2007-12-24,27,Delivered,Hidetoshi,Signed
DEL50170,ORD10188,2007-12-25,45,Delivered,Hidetoshi,Signed
DEL50171,ORD10189,2007-12-23,11,Delivered,Glenn,No signature
DEL50172,ORD10190,2007-12-25,25,Delivered,Hidetoshi,Signed
DEL50173,ORD10191,2007-12-22,20,Delivered,Glenn,signed
DEL50174,ORD10192,2007-12-27,21,Delivered,Hidetoshi,No signature
DEL50175,ORD10193,2007-12-24,6,Delivered,Hidetoshi,No signature
DEL50176,ORD10194,2007-12-22,27,Delivered,Madge,No signature
DEL50177,ORD10195,2007-12-28,26,Delivered,Madge,No signature
DEL50178,ORD10196,2007-12-22,42,Delivered,Madge,No signature
DEL50179,ORD10197,2007-12-25,26,Delivered,Madge,signed
DEL50180,ORD10198,2007-12-28,10,Delivered,Madge,SIGND
DEL50181,ORD10199,2007-12-26,21,Delivered,Madge,Signed
DEL50182,ORD10200,2007-12-27,42,Delivered,Glenn,SIGND
DEL50183,ORD10201,2007-12-27,34,Delivered,Hidetoshi,SIGND
DEL50184,ORD10203,2007-12-29,28,Delivered,Glenn,SIGND
DEL50185,ORD10204,2008-01-02,32,Delivered,Glenn,signed
DEL50186,ORD10205,2008-01-01,32,Delivered,Madge,No signature
DEL50187,ORD10206,2008-01-01,38,Delivered,Hidetoshi,Signed
DEL50188,ORD10207,2007-12-31,19,Delivered,Hidetoshi,Signed
DEL50189,ORD10209,2008-01-03,38,Delivered,Glenn,Signed
DEL50190,ORD10210,2007-12-28,22,Delivered,Glenn,No signature
DEL50191,ORD10211,2008-01-03,43,Delivered,Hidetoshi,Signed
DEL50192,ORD10213,2007-12-29,5,Delivered,Hidetoshi,Signed
DEL50193,ORD10214,2007-12-30,37,Delivered,Hidetoshi,signed
DEL50194,ORD10215,2008-01-06,20,Delivered,Madge,SIGND
DEL50195,ORD10216,2008-01-06,18,Delivered,Madge,Signed
DEL50196,ORD10217,2008-01-03,31,Partial,Glenn,No signature
DEL50197,ORD10218,2008-01-05,4,Delivered,Madge,Signed
DEL50198,ORD10219,2008-01-05,39,Delivered,Glenn,signed
DEL50199,ORD10220,2008-01-03,30,Delivered,Glenn,signed
DEL50200,ORD10221,2008-01-04,20,Delivered,Madge,signed
DEL50201,ORD10222,2008-01-07,13,Delivered,Madge,signed
DEL50202,ORD10223,2008-01-05,34,Delivered,Hidetoshi,signed
DEL50203,ORD10224,2008-01-07,29,Partial,Madge,Signed
DEL50204,ORD10225,2008-01-09,34,Delivered,Madge,No signature
DEL50205,ORD10226,2008-01-06,9,Delivered,Madge,No signature
DEL50206,ORD10227,2008-01-08,36,Delivered,Hidetoshi,Signed
DEL50207,ORD10228,2008-01-09,40,Delivered,Hidetoshi,No signature
DEL50208,ORD10229,2008-01-09,42,Delivered,Glenn,signed
DEL50209,ORD10230,2008-01-08,16,Delivered,Glenn,SIGND
DEL50210,ORD10231,2008-01-10,39,Partial,Hidetoshi,signed
DEL50211,ORD10232,2008-01-10,14,Delivered,Glenn,Signed
DEL50212,ORD10233,2008-01-11,22,Delivered,Madge,SIGND
DEL50213,ORD10234,2008-01-14,20,Delivered,Madge,SIGND
DEL50214,ORD10235,2008-01-11,32,Delivered,Hidetoshi,signed
DEL50215,ORD10236,2008-01-10,29,Delivered,Glenn,signed
DEL50216,ORD10237,2008-01-12,42,Delivered,Hidetoshi,No signature
DEL50217,ORD10238,2008-01-14,6,Delivered,Madge,Signed
DEL50218,ORD10239,2008-01-09,7,Delivered,Glenn,SIGND
DEL50219,ORD10240,2008-01-11,3,Delivered,Glenn,Signed
DEL50220,ORD10241,2008-01-16,4,Delivered,Glenn,signed
DEL50221,ORD10242,2008-01-11,10,Delivered,Madge,No signature
DEL50222,ORD10243,2008-01-13,7,Delivered,Glenn,Signed
DEL50223,ORD10244,2008-01-10,41,Delivered,Madge,SIGND
DEL50224,ORD10246,2008-01-15,3,Delivered,Madge,No signature
DEL50225,ORD10247,2008-01-14,35,Delivered,Glenn,signed
DEL50226,ORD10248,2008-01-14,12,Delivered,Madge,Signed
DEL50227,ORD10249,2008-01-12,15,Delivered,Glenn,SIGND
DEL50228,ORD10250,2008-01-12,26,Delivered,Hidetoshi,SIGND
DEL50229,ORD10251,2008-01-20,30,Delivered,Hidetoshi,Signed
DEL50230,ORD10252,2008-01-16,44,Delivered,Glenn,No signature
DEL50231,ORD10253,2008-01-20,13,Delivered,Hidetoshi,Signed
DEL50232,ORD10254,2008-01-21,16,Delivered,Hidetoshi,Signed
DEL50233,ORD10255,2008-01-17,15,Delivered,Madge,No signature
DEL50234,ORD10256,2008-01-22,38,Delivered,Hidetoshi,signed
DEL50235,ORD10257,2008-01-17,27,Delivered,Glenn,Signed
DEL50236,ORD10258,2008-01-18,42,Delivered,Glenn,signed
DEL50237,ORD10259,2008-01-21,34,Delivered,Madge,No signature
DEL50238,ORD10260,2008-01-19,14,Delivered,Glenn,No signature
DEL50239,ORD10261,2008-01-23,4,Delivered,Hidetoshi,Signed
DEL50240,ORD10262,2008-01-22,21,Delivered,Hidetoshi,No signature
DEL50241,ORD10263,2008-01-19,30,Delivered,Madge,No signature
DEL50242,ORD10264,2008-01-22,28,Delivered,Madge,signed
DEL50243,ORD10265,2008-01-26,29,Delivered,Glenn,No signature
DEL50244,ORD10266,2008-01-26,40,Delivered,Glenn,Signed
DEL50245,ORD10267,2008-01-26,11,Delivered,Glenn,signed
DEL50246,ORD10268,2008-01-25,11,Delivered,Madge,No signature
DEL50247,ORD10269,2008-01-26,21,Delivered,Hidetoshi,Signed
DEL50248,ORD10270,2008-01-25,37,Delivered,Hidetoshi,No signature
DEL50249,ORD10271,2008-01-28,45,Delivered,Madge,SIGND
DEL50250,ORD10272,2008-01-27,22,Delivered,Hidetoshi,Signed
DEL50251,ORD10273,2008-01-25,36,Delivered,Hidetoshi,Signed
DEL50252,ORD10274,2008-01-26,11,Delivered,Glenn,signed
DEL50253,ORD10275,2008-01-29,27,Delivered,Glenn,Signed
DEL50254,ORD10276,2008-01-26,31,Delivered,Madge,Signed
DEL50255,ORD10277,2008-01-27,20,Delivered,Glenn,No signature
DEL50256,ORD10278,2008-01-26,37,Delivered,Madge,No signature
DEL50257,ORD10279,2008-02-02,40,Delivered,Hidetoshi,Signed
DEL50258,ORD10280,2008-02-04,11,Delivered,Glenn,No signature
DEL50259,ORD10281,2008-02-04,29,Delivered,Glenn,Signed
DEL50260,ORD10282,2008-01-29,27,Delivered,Hidetoshi,No signature
DEL50261,ORD10284,2008-02-05,43,Delivered,Glenn,signed
DEL50262,ORD10286,2008-02-04,43,Delivered,Madge,SIGND
DEL50263,ORD10287,2008-02-05,45,Delivered,Madge,Signed
DEL50264,ORD10288,2008-02-01,8,Delivered,Madge,SIGND
DEL50265,ORD10289,2008-01-31,39,Partial,Madge,SIGND
DEL50266,ORD10290,2008-02-01,44,Delivered,Madge,SIGND
DEL50267,ORD10291,2008-02-04,9,Delivered,Glenn,Signed
DEL50268,ORD10292,2008-02-06,30,Delivered,Glenn,signed
DEL50269,ORD10293,2008-02-01,31,Partial,Madge,No signature
DEL50270,ORD10294,2008-02-05,22,Delivered,Hidetoshi,No signature
DEL50271,ORD10295,2008-02-07,37,Delivered,Glenn,signed
DEL50272,ORD10296,2008-02-03,14,Delivered,Madge,SIGND
DEL50273,ORD10297,2008-02-02,28,Delivered,Madge,No signature
DEL50274,ORD10298,2008-02-05,7,Delivered,Madge,Signed
DEL50275,ORD10299,2008-02-07,23,Delivered,Madge,Signed
DEL50276,ORD10300,2008-02-09,18,Delivered,Hidetoshi,Signed
DEL50277,ORD10301,2008-02-11,11,Delivered,Glenn,Signed
DEL50278,ORD10302,2008-02-07,26,Delivered,Hidetoshi,No signature
DEL50279,ORD10303,2008-02-07,18,Delivered,Glenn,signed
DEL50280,ORD10305,2008-02-12,36,Delivered,Glenn,SIGND
DEL50281,ORD10307,2008-02-12,24,Delivered,Hidetoshi,SIGND
DEL50282,ORD10308,2008-02-08,5,Delivered,Hidetoshi,SIGND
DEL50283,ORD10309,2008-02-13,40,Delivered,Glenn,No signature
DEL50284,ORD10310,2008-02-12,10,Delivered,Hidetoshi,Signed
DEL50285,ORD10311,2008-02-14,38,Delivered,Madge,No signature
DEL50286,ORD10312,2008-02-17,3,Delivered,Glenn,SIGND
DEL50287,ORD10313,2008-02-19,4,Delivered,Madge,signed
DEL50288,ORD10314,2008-02-15,25,Delivered,Hidetoshi,No signature
DEL50289,ORD10315,2008-02-18,42,Delivered,Madge,SIGND
DEL50290,ORD10316,2008-02-17,39,Delivered,Madge,signed
DEL50291,ORD10317,2008-02-18,4,Delivered,Madge,Signed
DEL50292,ORD10318,2008-02-20,21,Delivered,Glenn,signed
DEL50293,ORD10319,2008-02-18,40,Delivered,Madge,SIGND
DEL50294,ORD10320,2008-02-19,20,Delivered,Madge,SIGND
DEL50295,ORD10321,2008-02-18,15,Delivered,Glenn,SIGND
DEL50296,ORD10322,2008-02-18,35,Delivered,Madge,No signature
DEL50297,ORD10323,2008-02-24,40,Delivered,Glenn,signed
DEL50298,ORD10324,2008-02-19,20,Delivered,Hidetoshi,No signature
DEL50299,ORD10325,2008-02-21,12,Delivered,Madge,Signed
DEL50300,ORD10326,2008-02-23,37,Delivered,Glenn,signed
DEL50301,ORD10327,2008-02-22,27,Delivered,Hidetoshi,Signed
DEL50302,ORD10328,2008-02-25,45,Delivered,Glenn,Signed
DEL50303,ORD10329,2008-02-24,15,Delivered,Hidetoshi,signed
DEL50304,ORD10330,2008-02-23,37,Delivered,Madge,SIGND
DEL50305,ORD10331,2008-02-24,11,Delivered,Hidetoshi,signed
DEL50306,ORD10332,2008-02-29,27,Delivered,Madge,No signature
DEL50307,ORD10333,2008-02-29,3,Delivered,Madge,SIGND
DEL50308,ORD10334,2008-02-29,27,Delivered,Madge,signed
DEL50309,ORD10335,2008-03-02,12,Delivered,Hidetoshi,SIGND
DEL50310,ORD10336,2008-03-04,18,Delivered,Glenn,No signature
DEL50311,ORD10337,2008-03-01,3,Delivered,Madge,signed
DEL50312,ORD10338,2008-02-29,40,Delivered,Glenn,No signature
DEL50313,ORD10339,2008-03-04,6,Delivered,Madge,signed
DEL50314,ORD10340,2008-03-04,9,Delivered,Madge,SIGND
DEL50315,ORD10341,2008-02-28,9,Delivered,Glenn,signed
DEL50316,ORD10343,2008-03-02,21,Partial,Madge,Signed
DEL50317,ORD10344,2008-03-04,9,Delivered,Glenn,signed
DEL50318,ORD10345,2008-03-01,21,Delivered,Glenn,SIGND
DEL50319,ORD10346,2008-03-01,26,Delivered,Hidetoshi,No signature
DEL50320,ORD10347,2008-03-03,44,Delivered,Glenn,signed
DEL50321,ORD10348,2008-03-01,13,Delivered,Glenn,signed
DEL50322,ORD10349,2008-03-07,23,Delivered,Madge,SIGND
DEL50323,ORD10350,2008-03-05,27,Delivered,Hidetoshi,SIGND
DEL50324,ORD10351,2008-03-05,26,Delivered,Glenn,Signed
DEL50325,ORD10352,2008-03-03,41,Delivered,Glenn,SIGND
DEL50326,ORD10353,2008-03-02,24,Delivered,Madge,No signature
DEL50327,ORD10354,2008-03-04,41,Delivered,Glenn,signed
DEL50328,ORD10355,2008-03-05,4,Delivered,Hidetoshi,signed
DEL50329,ORD10356,2008-03-08,15,Delivered,Glenn,SIGND
DEL50330,ORD10357,2008-03-05,33,Delivered,Glenn,No signature
DEL50331,ORD10358,2008-03-06,26,Delivered,Madge,Signed
DEL50332,ORD10359,2008-03-11,23,Delivered,Hidetoshi,Signed
DEL50333,ORD10360,2008-03-10,37,Delivered,Hidetoshi,No signature
DEL50334,ORD10361,2008-03-08,21,Delivered,Hidetoshi,No signature
DEL50335,ORD10362,2008-03-07,39,Delivered,Hidetoshi,signed
DEL50336,ORD10363,2008-03-12,18,Delivered,Glenn,signed
DEL50337,ORD10364,2008-03-13,20,Delivered,Glenn,Signed
DEL50338,ORD10365,2008-03-12,34,Delivered,Madge,No signature
DEL50339,ORD10366,2008-03-13,31,Delivered,Hidetoshi,No signature
DEL50340,ORD10367,2008-03-14,11,Delivered,Madge,No signature
DEL50341,ORD10368,2008-03-12,7,Delivered,Glenn,signed
DEL50342,ORD10369,2008-03-14,21,Delivered,Madge,SIGND
DEL50343,ORD10370,2008-03-13,35,Delivered,Madge,SIGND
DEL50344,ORD10371,2008-03-17,11,Delivered,Madge,No signature
DEL50345,ORD10372,2008-03-16,3,Delivered,Hidetoshi,No signature
DEL50346,ORD10373,2008-03-13,39,Delivered,Glenn,Signed
DEL50347,ORD10374,2008-03-15,36,Partial,Glenn,SIGND
DEL50348,ORD10375,2008-03-16,25,Delivered,Glenn,SIGND
DEL50349,ORD10376,2008-03-20,39,Delivered,Hidetoshi,Signed
DEL50350,ORD10377,2008-03-20,14,Delivered,Madge,Signed
DEL50351,ORD10378,2008-03-21,19,Delivered,Madge,signed
DEL50352,ORD10379,2008-03-18,3,Delivered,Madge,No signature
DEL50353,ORD10380,2008-03-21,9,Delivered,Hidetoshi,signed
DEL50354,ORD10381,2008-03-20,16,Delivered,Glenn,signed
DEL50355,ORD10382,2008-03-20,37,Delivered,Glenn,SIGND
DEL50356,ORD10383,2008-03-25,34,Delivered,Hidetoshi,SIGND
DEL50357,ORD10384,2008-03-22,33,Delivered,Madge,SIGND
DEL50358,ORD10385,2008-03-22,12,Delivered,Madge,No signature
DEL50359,ORD10386,2008-03-23,42,Delivered,Madge,signed
DEL50360,ORD10387,2008-03-23,4,Delivered,Madge,signed
DEL50361,ORD10388,2008-03-24,18,Delivered,Glenn,signed
DEL50362,ORD10389,2008-03-25,23,Delivered,Madge,Signed
DEL50363,ORD10390,2008-03-27,19,Delivered,Madge,SIGND
DEL50364,ORD10391,2008-03-23,30,Delivered,Glenn,No signature
DEL50365,ORD10392,2008-03-26,13,Delivered,Madge,Signed
DEL50366,ORD10393,2008-03-25,14,Delivered,Hidetoshi,No signature
DEL50367,ORD10394,2008-03-25,42,Delivered,Glenn,Signed
DEL50368,ORD10395,2008-03-25,25,Delivered,Madge,SIGND
DEL50369,ORD10396,2008-03-31,21,Delivered,Hidetoshi,No signature
DEL50370,ORD10399,2008-03-26,12,Partial,Hidetoshi,signed
DEL50371,ORD10400,2008-03-30,16,Delivered,Hidetoshi,signed
DEL50372,ORD10401,2008-03-27,42,Delivered,Glenn,Signed
DEL50373,ORD10402,2008-04-02,3,Delivered,Hidetoshi,No signature
DEL50374,ORD10403,2008-04-03,23,Delivered,Madge,No signature
DEL50375,ORD10404,2008-04-03,32,Delivered,Madge,No signature
DEL50376,ORD10405,2008-04-03,9,Delivered,Madge,No signature
DEL50377,ORD10406,2008-04-02,23,Delivered,Glenn,No signature
DEL50378,ORD10407,2008-04-05,24,Delivered,Glenn,signed
DEL50379,ORD10408,2008-04-06,9,Delivered,Hidetoshi,signed
DEL50380,ORD10409,2008-04-04,6,Delivered,Madge,signed
DEL50381,ORD10410,2008-04-08,43,Delivered,Madge,Signed
DEL50382,ORD10411,2008-04-04,6,Delivered,Madge,signed
DEL50383,ORD10412,2008-04-04,26,Delivered,Hidetoshi,Signed
DEL50384,ORD10418,2008-04-04,34,Delivered,Glenn,No signature
DEL50385,ORD10419,2008-04-09,20,Delivered,Hidetoshi,No signature
DEL50386,ORD10420,2008-04-06,43,Delivered,Hidetoshi,No signature
DEL50387,ORD10421,2008-04-06,44,Delivered,Glenn,signed
DEL50388,ORD10422,2008-04-08,26,Delivered,Madge,Signed
DEL50389,ORD10423,2008-04-06,43,Delivered,Glenn,No signature
DEL50390,ORD10424,2008-04-05,3,Delivered,Hidetoshi,SIGND
DEL50391,ORD10425,2008-04-13,36,Delivered,Glenn,signed
DEL50392,ORD10426,2008-04-13,11,Delivered,Hidetoshi,SIGND
DEL50393,ORD10427,2008-04-13,28,Delivered,Glenn,SIGND
DEL50394,ORD10428,2008-04-13,33,Delivered,Madge,Signed
DEL50395,ORD10429,2008-04-14,17,Delivered,Hidetoshi,signed
DEL50396,ORD10430,2008-04-15,36,Delivered,Glenn,SIGND
DEL50397,ORD10431,2008-04-18,32,Delivered,Madge,Signed
DEL50398,ORD10432,2008-04-17,32,Delivered,Madge,Signed
DEL50399,ORD10433,2008-04-17,11,Delivered,Glenn,signed
DEL50400,ORD10434,2008-04-16,42,Delivered,Madge,SIGND
DEL50401,ORD10435,2008-04-21,19,Delivered,Hidetoshi,No signature
DEL50402,ORD10436,2008-04-15,21,Delivered,Glenn,No signature
DEL50403,ORD10437,2008-04-20,34,Delivered,Hidetoshi,signed
DEL50404,ORD10438,2008-04-22,4,Delivered,Hidetoshi,Signed
DEL50405,ORD10439,2008-04-20,8,Delivered,Hidetoshi,Signed
DEL50406,ORD10440,2008-04-20,4,Delivered,Madge,No signature
DEL50407,ORD10441,2008-04-21,7,Delivered,Hidetoshi,signed
DEL50408,ORD10442,2008-04-17,29,Delivered,Glenn,SIGND
DEL50409,ORD10443,2008-04-17,45,Delivered,Madge,SIGND
DEL50410,ORD10444,2008-04-19,40,Delivered,Hidetoshi,SIGND
DEL50411,ORD10445,2008-04-24,36,Delivered,Glenn,SIGND
DEL50412,ORD10446,2008-04-18,33,Delivered,Hidetoshi,No signature
DEL50413,ORD10447,2008-04-23,37,Delivered,Hidetoshi,Signed
DEL50414,ORD10448,2008-04-21,11,Delivered,Madge,signed
DEL50415,ORD10449,2008-04-22,37,Delivered,Madge,No signature
DEL50416,ORD10450,2008-04-26,10,Delivered,Madge,No signature
DEL50417,ORD10451,2008-04-25,3,Delivered,Hidetoshi,signed
DEL50418,ORD10452,2008-04-27,16,Delivered,Hidetoshi,signed
DEL50419,ORD10454,2008-04-22,39,Delivered,Madge,SIGND
DEL50420,ORD10455,2008-04-28,21,Delivered,Madge,signed
DEL50421,ORD10456,2008-04-29,26,Delivered,Hidetoshi,signed
DEL50422,ORD10457,2008-04-28,36,Delivered,Madge,signed
DEL50423,ORD10458,2008-04-25,17,Partial,Glenn,SIGND
DEL50424,ORD10459,2008-04-25,36,Delivered,Glenn,signed
DEL50425,ORD10460,2008-04-25,12,Delivered,Glenn,SIGND
DEL50426,ORD10462,2008-05-01,22,Delivered,Madge,signed
DEL50427,ORD10463,2008-05-01,6,Delivered,Madge,No signature
DEL50428,ORD10464,2008-04-28,39,Delivered,Glenn,signed
DEL50429,ORD10465,2008-05-01,10,Delivered,Hidetoshi,No signature
DEL50430,ORD10466,2008-04-29,32,Delivered,Glenn,No signature
DEL50431,ORD10467,2008-04-30,25,Delivered,Madge,No signature
DEL50432,ORD10469,2008-05-02,20,Delivered,Glenn,signed
DEL50433,ORD10470,2008-05-01,25,Delivered,Madge,SIGND
DEL50434,ORD10471,2008-05-02,44,Delivered,Glenn,SIGND
DEL50435,ORD10472,2008-05-04,10,Delivered,Glenn,No signature
DEL50436,ORD10473,2008-05-02,23,Delivered,Glenn,signed
DEL50437,ORD10474,2008-05-04,16,Delivered,Hidetoshi,SIGND
DEL50438,ORD10475,2008-05-02,41,Delivered,Madge,signed
DEL50439,ORD10476,2008-05-02,39,Delivered,Hidetoshi,No signature
DEL50440,ORD10477,2008-05-08,34,Delivered,Hidetoshi,signed
DEL50441,ORD10478,2008-05-08,41,Delivered,Glenn,signed
DEL50442,ORD10479,2008-05-05,13,Delivered,Hidetoshi,No signature
DEL50443,ORD10481,2008-05-09,17,Delivered,Glenn,signed
DEL50444,ORD10482,2008-05-12,25,Delivered,Madge,SIGND
DEL50445,ORD10483,2008-05-10,41,Delivered,Madge,signed
DEL50446,ORD10484,2008-05-11,10,Delivered,Hidetoshi,No signature
DEL50447,ORD10485,2008-05-11,26,Delivered,Glenn,SIGND
DEL50448,ORD10486,2008-05-12,4,Delivered,Hidetoshi,No signature
DEL50449,ORD10487,2008-05-11,4,Delivered,Glenn,Signed
DEL50450,ORD10488,2008-05-10,45,Delivered,Hidetoshi,SIGND
DEL50451,ORD10490,2008-05-14,11,Delivered,Glenn,SIGND
DEL50452,ORD10491,2008-05-12,13,Delivered,Madge,No signature
DEL50453,ORD10492,2008-05-15,39,Delivered,Glenn,No signature
DEL50454,ORD10493,2008-05-16,38,Delivered,Hidetoshi,SIGND
DEL50455,ORD10494,2008-05-10,33,Delivered,Madge,signed
DEL50456,ORD10495,2008-05-14,23,Delivered,Madge,signed
DEL50457,ORD10496,2008-05-13,13,Delivered,Hidetoshi,SIGND
DEL50458,ORD10497,2008-05-14,17,Delivered,Hidetoshi,signed
DEL50459,ORD10498,2008-05-16,25,Delivered,Madge,signed
DEL50460,ORD10499,2008-05-14,26,Delivered,Glenn,No signature
DEL50461,ORD10500,2008-05-20,23,Delivered,Glenn,Signed
DEL50462,ORD10501,2008-05-18,42,Delivered,Hidetoshi,signed
DEL50463,ORD10502,2008-05-18,31,Delivered,Madge,No signature
DEL50464,ORD10503,2008-05-18,21,Delivered,Glenn,signed
DEL50465,ORD10504,2008-05-17,41,Delivered,Madge,No signature
DEL50466,ORD10505,2008-05-15,33,Delivered,Madge,SIGND
DEL50467,ORD10506,2008-05-16,45,Delivered,Glenn,SIGND
DEL50468,ORD10507,2008-05-20,37,Delivered,Hidetoshi,Signed
DEL50469,ORD10510,2008-05-22,27,Delivered,Hidetoshi,SIGND
DEL50470,ORD10512,2008-05-16,30,Delivered,Madge,Signed
DEL50471,WEB10513,2007-10-20,17,Delivered,Hidetoshi,signed
DEL50472,WEB10514,2007-10-23,3,Delivered,Hidetoshi,Signed
DEL50473,WEB10515,2007-10-24,5,Delivered,Madge,Signed
DEL50474,WEB10517,2007-10-31,16,Delivered,Hidetoshi,signed
DEL50475,WEB10518,2007-10-30,17,Delivered,Hidetoshi,Signed
DEL50476,WEB10519,2007-10-29,9,Delivered,Madge,SIGND
DEL50477,WEB10520,2007-10-27,12,Delivered,Madge,Signed
DEL50478,WEB10521,2007-11-02,6,Delivered,Glenn,Signed
DEL50479,WEB10522,2007-10-29,20,Delivered,Madge,SIGND
DEL50480,WEB10523,2007-11-02,20,Delivered,Madge,Signed
DEL50481,WEB10525,2007-11-04,11,Delivered,Glenn,SIGND
DEL50482,WEB10526,2007-10-31,19,Delivered,Madge,No signature
DEL50483,WEB10527,2007-11-08,13,Delivered,Madge,Signed
DEL50484,WEB10530,2007-11-15,13,Delivered,Madge,No signature
DEL50485,WEB10531,2007-11-15,19,Delivered,Glenn,SIGND
DEL50486,WEB10532,2007-11-15,25,Delivered,Hidetoshi,SIGND
DEL50487,WEB10533,2007-11-11,13,Delivered,Glenn,Signed
DEL50488,WEB10535,2007-11-16,22,Delivered,Madge,Signed
DEL50489,WEB10536,2007-11-18,12,Delivered,Glenn,No signature
DEL50490,WEB10537,2007-11-18,20,Delivered,Glenn,signed
DEL50491,WEB10538,2007-11-18,21,Delivered,Madge,signed
DEL50492,WEB10540,2007-11-16,7,Delivered,Madge,SIGND
DEL50493,WEB10541,2007-11-17,19,Delivered,Glenn,Signed
DEL50494,WEB10542,2007-11-16,25,Delivered,Madge,No signature
DEL50495,WEB10543,2007-11-20,18,Delivered,Hidetoshi,SIGND
DEL50496,WEB10544,2007-11-19,18,Delivered,Glenn,SIGND
DEL50497,WEB10545,2007-11-18,8,Delivered,Madge,Signed
DEL50498,WEB10546,2007-11-21,6,Delivered,Madge,Signed
DEL50499,WEB10547,2007-11-21,5,Delivered,Madge,No signature
DEL50500,WEB10548,2007-11-25,11,Delivered,Madge,No signature
DEL50501,WEB10549,2007-11-20,9,Delivered,Hidetoshi,Signed
DEL50502,WEB10550,2007-11-23,24,Delivered,Madge,No signature
DEL50503,WEB10551,2007-11-26,21,Delivered,Hidetoshi,Signed
DEL50504,WEB10552,2007-11-25,16,Delivered,Glenn,No signature
DEL50505,WEB10554,2007-12-01,4,Delivered,Glenn,signed
DEL50506,WEB10555,2007-11-29,5,Delivered,Glenn,Signed
DEL50507,WEB10556,2007-11-26,24,Delivered,Hidetoshi,No signature
DEL50508,WEB10557,2007-12-01,23,Delivered,Hidetoshi,signed
DEL50509,WEB10558,2007-12-02,11,Delivered,Glenn,SIGND
DEL50510,WEB10559,2007-12-03,13,Delivered,Madge,Signed
DEL50511,WEB10560,2007-12-01,13,Delivered,Glenn,No signature
DEL50512,WEB10562,2007-12-07,22,Delivered,Madge,No signature
DEL50513,WEB10563,2007-12-04,21,Delivered,Glenn,SIGND
DEL50514,WEB10564,2007-12-08,7,Delivered,Hidetoshi,Signed
DEL50515,WEB10565,2007-12-08,8,Delivered,Hidetoshi,signed
DEL50516,WEB10566,2007-12-11,15,Delivered,Madge,No signature
DEL50517,WEB10567,2007-12-08,7,Delivered,Hidetoshi,Signed
DEL50518,WEB10569,2007-12-15,15,Delivered,Glenn,SIGND
DEL50519,WEB10571,2007-12-17,15,Delivered,Madge,Signed
DEL50520,WEB10572,2007-12-20,20,Delivered,Hidetoshi,signed
DEL50521,WEB10573,2007-12-20,4,Delivered,Hidetoshi,signed
DEL50522,WEB10574,2007-12-21,12,Delivered,Glenn,Signed
DEL50523,WEB10575,2007-12-21,12,Delivered,Madge,signed
DEL50524,WEB10576,2007-12-16,3,Delivered,Madge,signed
DEL50525,WEB10577,2007-12-19,23,Delivered,Madge,signed
DEL50526,WEB10578,2007-12-20,13,Delivered,Hidetoshi,Signed
DEL50527,WEB10580,2007-12-19,23,Delivered,Glenn,No signature
DEL50528,WEB10581,2007-12-20,23,Delivered,Glenn,signed
DEL50529,WEB10582,2007-12-23,24,Delivered,Madge,Signed
DEL50530,WEB10583,2007-12-22,3,Delivered,Madge,SIGND
DEL50531,WEB10584,2007-12-22,17,Delivered,Glenn,No signature
DEL50532,WEB10585,2007-12-22,13,Delivered,Madge,Signed
DEL50533,WEB10586,2007-12-27,18,Delivered,Hidetoshi,No signature
DEL50534,WEB10587,2007-12-26,13,Delivered,Hidetoshi,signed
DEL50535,WEB10588,2007-12-28,16,Delivered,Hidetoshi,No signature
DEL50536,WEB10590,2007-12-30,5,Delivered,Glenn,No signature
DEL50537,WEB10591,2007-12-30,16,Delivered,Glenn,SIGND
DEL50538,WEB10593,2007-12-30,23,Delivered,Glenn,Signed
DEL50539,WEB10594,2008-01-01,11,Delivered,Glenn,signed
DEL50540,WEB10595,2008-01-02,10,Delivered,Hidetoshi,No signature
DEL50541,WEB10596,2008-01-02,20,Delivered,Hidetoshi,No signature
DEL50542,WEB10598,2008-01-05,11,Delivered,Hidetoshi,No signature
DEL50543,WEB10599,2008-01-05,7,Delivered,Madge,signed
DEL50544,WEB10600,2008-01-05,16,Delivered,Glenn,signed
DEL50545,WEB10601,2008-01-05,18,Delivered,Hidetoshi,signed
DEL50546,WEB10602,2008-01-07,3,Delivered,Glenn,SIGND
DEL50547,WEB10604,2008-01-03,16,Delivered,Madge,Signed
DEL50548,WEB10605,2008-01-08,24,Delivered,Hidetoshi,signed
DEL50549,WEB10606,2008-01-07,1,Delivered,Madge,No signature
DEL50550,WEB10607,2008-01-12,17,Partial,Hidetoshi,Signed
DEL50551,WEB10608,2008-01-07,14,Delivered,Madge,No signature
DEL50552,WEB10610,2008-01-09,9,Delivered,Hidetoshi,signed
DEL50553,WEB10612,2008-01-14,22,Delivered,Glenn,signed
DEL50554,WEB10613,2008-01-14,9,Delivered,Glenn,Signed
DEL50555,WEB10614,2008-01-15,15,Delivered,Glenn,signed
DEL50556,WEB10615,2008-01-16,18,Delivered,Glenn,signed
DEL50557,WEB10616,2008-01-12,21,Delivered,Hidetoshi,SIGND
DEL50558,WEB10618,2008-01-15,19,Delivered,Hidetoshi,No signature
DEL50559,WEB10619,2008-01-19,11,Delivered,Glenn,Signed
DEL50560,WEB10620,2008-01-20,2,Delivered,Hidetoshi,signed
DEL50561,WEB10622,2008-01-25,12,Delivered,Hidetoshi,No signature
DEL50562,WEB10623,2008-01-22,3,Delivered,Glenn,No signature
DEL50563,WEB10624,2008-01-21,8,Delivered,Hidetoshi,Signed
DEL50564,WEB10625,2008-01-25,24,Delivered,Glenn,SIGND
DEL50565,WEB10626,2008-01-26,9,Delivered,Madge,signed
DEL50566,WEB10628,2008-01-21,5,Delivered,Madge,SIGND
DEL50567,WEB10630,2008-01-25,9,Delivered,Madge,signed
DEL50568,WEB10631,2008-01-23,10,Delivered,Glenn,signed
DEL50569,WEB10632,2008-01-23,3,Delivered,Glenn,Signed
DEL50570,WEB10633,2008-01-28,8,Delivered,Glenn,Signed
DEL50571,WEB10634,2008-01-30,11,Delivered,Glenn,SIGND
DEL50572,WEB10635,2008-01-30,9,Delivered,Madge,SIGND
DEL50573,WEB10638,2008-01-30,15,Delivered,Hidetoshi,signed
DEL50574,WEB10639,2008-01-28,23,Delivered,Madge,Signed
DEL50575,WEB10640,2008-01-30,8,Delivered,Glenn,signed
DEL50576,WEB10641,2008-02-03,20,Delivered,Hidetoshi,SIGND
DEL50577,WEB10642,2008-02-01,20,Delivered,Glenn,signed
DEL50578,WEB10643,2008-02-05,7,Delivered,Madge,No signature
DEL50579,WEB10644,2008-02-01,17,Delivered,Madge,Signed
DEL50580,WEB10645,2008-02-06,21,Delivered,Madge,SIGND
DEL50581,WEB10647,2008-02-07,14,Delivered,Hidetoshi,SIGND
DEL50582,WEB10648,2008-02-04,13,Delivered,Madge,SIGND
DEL50583,WEB10649,2008-02-04,9,Delivered,Glenn,SIGND
DEL50584,WEB10650,2008-02-06,6,Delivered,Glenn,SIGND
DEL50585,WEB10651,2008-02-08,17,Partial,Hidetoshi,SIGND
DEL50586,WEB10652,2008-02-07,18,Delivered,Hidetoshi,Signed
DEL50587,WEB10653,2008-02-08,22,Delivered,Glenn,Signed
DEL50588,WEB10654,2008-02-11,12,Delivered,Madge,Signed
DEL50589,WEB10655,2008-02-09,24,Delivered,Hidetoshi,No signature
DEL50590,WEB10657,2008-02-12,24,Delivered,Glenn,SIGND
DEL50591,WEB10658,2008-02-10,16,Delivered,Hidetoshi,SIGND
DEL50592,WEB10659,2008-02-11,5,Delivered,Glenn,No signature
DEL50593,WEB10660,2008-02-11,9,Delivered,Hidetoshi,signed
DEL50594,WEB10661,2008-02-12,15,Delivered,Madge,No signature
DEL50595,WEB10662,2008-02-13,10,Delivered,Hidetoshi,SIGND
DEL50596,WEB10663,2008-02-16,7,Delivered,Madge,signed
DEL50597,WEB10664,2008-02-13,13,Delivered,Hidetoshi,signed
DEL50598,WEB10666,2008-02-16,14,Delivered,Glenn,No signature
DEL50599,WEB10667,2008-02-15,20,Delivered,Glenn,signed
DEL50600,WEB10668,2008-02-17,16,Delivered,Glenn,SIGND
DEL50601,WEB10669,2008-02-21,4,Delivered,Madge,signed
DEL50602,WEB10670,2008-02-21,4,Delivered,Glenn,SIGND
DEL50603,WEB10671,2008-02-23,17,Delivered,Hidetoshi,SIGND
DEL50604,WEB10672,2008-02-20,22,Delivered,Madge,No signature
DEL50605,WEB10673,2008-02-20,5,Delivered,Glenn,No signature
DEL50606,WEB10674,2008-02-25,12,Delivered,Madge,Signed
DEL50607,WEB10675,2008-02-22,1,Delivered,Madge,No signature
DEL50608,WEB10676,2008-02-21,5,Delivered,Hidetoshi,SIGND
DEL50609,WEB10677,2008-02-27,2,Delivered,Madge,SIGND
DEL50610,WEB10678,2008-02-27,4,Delivered,Hidetoshi,signed
DEL50611,WEB10679,2008-02-24,6,Delivered,Glenn,SIGND
DEL50612,WEB10680,2008-02-24,14,Delivered,Hidetoshi,SIGND
DEL50613,WEB10681,2008-02-28,6,Delivered,Madge,No signature
DEL50614,WEB10683,2008-03-02,23,Delivered,Madge,Signed
DEL50615,WEB10684,2008-03-01,25,Delivered,Glenn,SIGND
DEL50616,WEB10685,2008-03-03,12,Delivered,Madge,Signed
DEL50617,WEB10686,2008-03-03,12,Delivered,Hidetoshi,Signed
DEL50618,WEB10689,2008-03-04,25,Delivered,Madge,signed
DEL50619,WEB10690,2008-03-04,11,Delivered,Hidetoshi,No signature
DEL50620,WEB10691,2008-03-05,19,Delivered,Madge,Signed
DEL50621,WEB10692,2008-03-05,4,Delivered,Glenn,signed
DEL50622,WEB10693,2008-03-09,4,Delivered,Madge,SIGND
DEL50623,WEB10694,2008-03-08,11,Delivered,Madge,No signature
DEL50624,WEB10695,2008-03-08,3,Delivered,Madge,SIGND
DEL50625,WEB10696,2008-03-08,21,Delivered,Hidetoshi,No signature
DEL50626,WEB10698,2008-03-14,16,Delivered,Madge,SIGND
DEL50627,WEB10699,2008-03-09,23,Delivered,Hidetoshi,No signature
DEL50628,WEB10700,2008-03-12,8,Delivered,Hidetoshi,signed
DEL50629,WEB10702,2008-03-16,9,Delivered,Glenn,No signature
DEL50630,WEB10703,2008-03-15,21,Delivered,Madge,signed
DEL50631,WEB10707,2008-03-17,6,Delivered,Madge,signed
DEL50632,WEB10708,2008-03-20,16,Delivered,Hidetoshi,SIGND
DEL50633,WEB10709,2008-03-15,7,Delivered,Madge,signed
DEL50634,WEB10710,2008-03-15,1,Delivered,Glenn,No signature
DEL50635,WEB10711,2008-03-16,8,Delivered,Hidetoshi,Signed
DEL50636,WEB10712,2008-03-23,12,Delivered,Glenn,No signature
DEL50637,WEB10713,2008-03-19,12,Delivered,Madge,signed
DEL50638,WEB10714,2008-03-20,13,Delivered,Glenn,Signed
DEL50639,WEB10715,2008-03-23,8,Delivered,Glenn,signed
DEL50640,WEB10716,2008-03-20,20,Delivered,Madge,Signed
DEL50641,WEB10717,2008-03-20,22,Delivered,Madge,SIGND
DEL50642,WEB10718,2008-03-24,8,Delivered,Glenn,signed
DEL50643,WEB10719,2008-03-25,25,Delivered,Hidetoshi,No signature
DEL50644,WEB10720,2008-03-29,2,Delivered,Hidetoshi,signed
DEL50645,WEB10721,2008-03-25,21,Delivered,Hidetoshi,signed
DEL50646,WEB10722,2008-03-24,9,Delivered,Glenn,signed
DEL50647,WEB10723,2008-03-24,19,Delivered,Madge,No signature
DEL50648,WEB10724,2008-03-27,23,Delivered,Madge,signed
DEL50649,WEB10726,2008-03-31,16,Delivered,Hidetoshi,No signature
DEL50650,WEB10727,2008-03-31,4,Delivered,Hidetoshi,SIGND
DEL50651,WEB10728,2008-04-01,24,Delivered,Madge,No signature
DEL50652,WEB10729,2008-03-29,11,Delivered,Hidetoshi,signed
DEL50653,WEB10730,2008-04-01,4,Delivered,Hidetoshi,No signature
DEL50654,WEB10731,2008-04-02,3,Delivered,Madge,Signed
DEL50655,WEB10732,2008-04-01,5,Delivered,Hidetoshi,No signature
DEL50656,WEB10733,2008-04-02,20,Delivered,Hidetoshi,signed
DEL50657,WEB10735,2008-04-02,18,Delivered,Hidetoshi,signed
DEL50658,WEB10736,2008-04-03,21,Delivered,Glenn,signed
DEL50659,WEB10737,2008-04-06,15,Delivered,Madge,Signed
DEL50660,WEB10738,2008-04-07,21,Delivered,Glenn,No signature
DEL50661,WEB10739,2008-04-10,8,Delivered,Glenn,SIGND
DEL50662,WEB10740,2008-04-09,24,Delivered,Madge,Signed
DEL50663,WEB10741,2008-04-12,10,Delivered,Glenn,signed
DEL50664,WEB10742,2008-04-06,14,Delivered,Glenn,signed
DEL50665,WEB10743,2008-04-10,21,Delivered,Hidetoshi,SIGND
DEL50666,WEB10744,2008-04-12,10,Delivered,Glenn,signed
DEL50667,WEB10745,2008-04-10,15,Delivered,Madge,SIGND
DEL50668,WEB10747,2008-04-12,2,Delivered,Glenn,No signature
DEL50669,WEB10748,2008-04-13,24,Delivered,Hidetoshi,SIGND
DEL50670,WEB10749,2008-04-10,2,Delivered,Glenn,Signed
DEL50671,WEB10750,2008-04-10,21,Delivered,Madge,signed
DEL50672,WEB10751,2008-04-13,15,Delivered,Glenn,Signed
DEL50673,WEB10752,2008-04-13,15,Partial,Madge,Signed
DEL50674,WEB10753,2008-04-13,4,Delivered,Glenn,Signed
DEL50675,WEB10754,2008-04-14,7,Delivered,Hidetoshi,Signed
DEL50676,WEB10755,2008-04-15,3,Delivered,Hidetoshi,signed
DEL50677,WEB10756,2008-04-19,6,Delivered,Glenn,signed
DEL50678,WEB10757,2008-04-16,23,Delivered,Glenn,signed
DEL50679,WEB10758,2008-04-15,10,Delivered,Hidetoshi,No signature
DEL50680,WEB10759,2008-04-18,25,Delivered,Hidetoshi,Signed
DEL50681,WEB10764,2008-04-23,24,Delivered,Madge,Signed
DEL50682,WEB10765,2008-04-18,5,Partial,Madge,SIGND
DEL50683,WEB10766,2008-04-22,21,Delivered,Hidetoshi,signed
DEL50684,WEB10768,2008-04-23,13,Delivered,Madge,Signed
DEL50685,WEB10769,2008-04-21,25,Delivered,Hidetoshi,signed
DEL50686,WEB10770,2008-04-23,15,Delivered,Madge,SIGND
DEL50687,WEB10771,2008-04-20,23,Delivered,Hidetoshi,signed
DEL50688,WEB10772,2008-04-21,16,Delivered,Hidetoshi,SIGND
DEL50689,WEB10773,2008-04-21,16,Delivered,Madge,signed
DEL50690,WEB10774,2008-04-25,9,Delivered,Madge,Signed
DEL50691,WEB10775,2008-04-24,22,Delivered,Hidetoshi,SIGND
DEL50692,WEB10778,2008-04-27,9,Delivered,Madge,Signed
DEL50693,WEB10779,2008-04-30,3,Delivered,Glenn,Signed
DEL50694,WEB10780,2008-04-30,7,Delivered,Madge,Signed
DEL50695,WEB10781,2008-04-24,22,Delivered,Madge,Signed
DEL50696,WEB10782,2008-04-29,5,Delivered,Madge,SIGND
DEL50697,WEB10783,2008-05-01,11,Delivered,Glenn,signed
DEL50698,WEB10784,2008-04-27,12,Delivered,Glenn,Signed
DEL50699,WEB10785,2008-04-29,1,Delivered,Madge,signed
DEL50700,WEB10786,2008-04-29,9,Delivered,Glenn,No signature
DEL50701,WEB10787,2008-05-01,15,Delivered,Hidetoshi,Signed
DEL50702,WEB10789,2008-04-28,18,Delivered,Hidetoshi,signed
DEL50703,WEB10791,2008-05-02,25,Delivered,Hidetoshi,signed
DEL50704,WEB10792,2008-05-06,1,Delivered,Glenn,signed
DEL50705,WEB10793,2008-05-06,16,Delivered,Glenn,signed
DEL50706,WEB10794,2008-05-08,5,Delivered,Madge,SIGND
DEL50707,WEB10795,2008-05-03,14,Delivered,Glenn,SIGND
DEL50708,WEB10796,2008-05-09,2,Delivered,Hidetoshi,SIGND
DEL50709,WEB10797,2008-05-08,13,Delivered,Hidetoshi,SIGND
DEL50710,WEB10798,2008-05-10,2,Delivered,Glenn,Signed
DEL50711,WEB10799,2008-05-12,12,Delivered,Glenn,Signed
DEL50712,WEB10800,2008-05-13,17,Delivered,Madge,SIGND
DEL50713,WEB10801,2008-05-10,9,Delivered,Madge,Signed
DEL50714,WEB10802,2008-05-10,16,Delivered,Madge,Signed
DEL50715,WEB10804,2008-05-12,6,Delivered,Glenn,signed
DEL50716,WEB10805,2008-05-14,23,Delivered,Glenn,No signature
DEL50717,WEB10806,2008-05-15,19,Delivered,Hidetoshi,signed
DEL50718,WEB10807,2008-05-21,18,Delivered,Madge,No signature
DEL50719,WEB10808,2008-05-20,23,Delivered,Hidetoshi,Signed
DEL50720,WEB10809,2008-05-22,10,Delivered,Glenn,SIGND
DEL50721,WEB19999,2007-10-26,1,Delivered,Hidetoshi,SIGND
DEL59991,ORD-UNKNOWN-1,2008-04-28,12,Delivered,Glenn,Signed
DEL59992,ORD10O77,2008-05-02,8,Delivered,Madge,signed
