dmi_record_id,original_order_id,record_date,customer_id,recorded_revenue,entry_method,record_status,source_system
DMI-WEB10513,WEB10513,2007-10-19,C023,935.0,Online Checkout,Completed,DMI
DMI-WEB10514,WEB10514,2007-10-20,C029,165.0,Online Checkout,Completed,DMI
DMI-WEB10515,WEB10515,2007-10-21,C022,340.0,Online Checkout,Completed,DMI
DMI-WEB10516,WEB10516,2007-10-21,C003,740.0,Online Checkout,Cancelled,DMI
DMI-WEB10517,WEB10517,2007-10-24,C031,592.0,Online Checkout,Completed,DMI
DMI-WEB10518,WEB10518,2007-10-25,C007,452.2,Online Checkout,Completed,DMI
DMI-WEB10519,WEB10519,2007-10-26,C019,599.76,Online Checkout,Completed,DMI
DMI-WEB10520,WEB10520,2007-10-26,C030,816.0,Online Checkout,Completed,DMI
DMI-WEB10521,WEB10521,2007-10-27,C004,185.22,Online Checkout,Completed,DMI
DMI-WEB10522,WEB10522,2007-10-27,C020,548.8,Online Checkout,Completed,DMI
DMI-WEB10523,WEB10523,2007-10-27,C030,560.0,Online Checkout,Completed,DMI
DMI-WEB10524,WEB10524,2007-10-29,C012,499.8,Online Checkout,Cancelled,DMI
DMI-WEB10525,WEB10525,2007-10-29,C012,467.5,Online Checkout,Completed,DMI
DMI-WEB10526,WEB10526,2007-10-29,C006,703.0,Online Checkout,Completed,DMI
DMI-WEB10527,WEB10527,2007-11-06,C012,715.0,Online Checkout,Completed,DMI
DMI-WEB10528,WEB10528,2007-11-06,C020,346.5,Online Checkout,Cancelled,DMI
DMI-WEB10529,WEB10529,2007-11-06,C012,549.0,Online Checkout,Returned,DMI
DMI-WEB10530,WEB10530,2007-11-08,C016,866.32,Online Checkout,Completed,DMI
DMI-WEB10531,WEB10531,2007-11-09,C015,688.94,Online Checkout,Completed,DMI
DMI-WEB10532,WEB10532,2007-11-10,C020,1375.0,Online Checkout,Completed,DMI
DMI-WEB10533,WEB10533,2007-11-10,C014,409.5,Online Checkout,Completed,DMI
DMI-WEB10534,WEB10534,2007-11-10,C001,70.3,Online Checkout,Cancelled,DMI
DMI-WEB10535,WEB10535,2007-11-11,C021,916.3,Online Checkout,Completed,DMI
DMI-WEB10536,WEB10536,2007-11-11,C021,319.2,Online Checkout,Completed,DMI
DMI-WEB10537,WEB10537,2007-11-11,C026,1292.0,Online Checkout,Completed,DMI
DMI-WEB10538,WEB10538,2007-11-12,C025,1281.0,Online Checkout,Completed,DMI
DMI-WEB10539,WEB10539,2007-11-12,C013,346.5,Online Checkout,Completed,DMI
DMI-WEB10540,WEB10540,2007-11-12,C018,186.2,Online Checkout,Completed,DMI
DMI-WEB10541,WEB10541,2007-11-13,C014,703.0,Online Checkout,Completed,DMI
DMI-WEB10542,WEB10542,2007-11-15,C006,850.0,Online Checkout,Completed,DMI
DMI-WEB10543,WEB10543,2007-11-15,C004,726.75,Online Checkout,Completed,DMI
DMI-WEB10544,WEB10544,2007-11-15,C011,1224.0,Online Checkout,Completed,DMI
DMI-WEB10545,WEB10545,2007-11-16,C009,440.0,Online Checkout,Completed,DMI
DMI-WEB10546,WEB10546,2007-11-17,C025,358.68,Online Checkout,Completed,DMI
DMI-WEB10547,WEB10547,2007-11-18,C021,157.5,Online Checkout,Completed,DMI
DMI-WEB10548,WEB10548,2007-11-18,C023,657.58,Online Checkout,Completed,DMI
DMI-WEB10549,WEB10549,2007-11-19,C013,252.0,Online Checkout,Completed,DMI
DMI-WEB10550,WEB10550,2007-11-19,C024,672.0,Online Checkout,Completed,DMI
DMI-WEB10551,WEB10551,2007-11-19,C018,714.0,Online Checkout,Completed,DMI
DMI-WEB10552,WEB10552,2007-11-23,C015,439.04,Online Checkout,Completed,DMI
DMI-WEB10553,WEB10553,2007-11-24,C022,581.4,Online Checkout,Returned,DMI
DMI-WEB10554,WEB10554,2007-11-25,C023,220.0,Online Checkout,Completed,DMI
DMI-WEB10555,WEB10555,2007-11-25,C015,275.0,Online Checkout,Completed,DMI
DMI-WEB10556,WEB10556,2007-11-25,C025,1632.0,Online Checkout,Completed,DMI
DMI-WEB10557,WEB10557,2007-11-28,C007,1403.0,Online Checkout,Completed,DMI
DMI-WEB10558,WEB10558,2007-11-29,C019,398.86,Online Checkout,Completed,DMI
DMI-WEB10559,WEB10559,2007-11-30,C030,419.9,Online Checkout,Completed,DMI
DMI-WEB10560,WEB10560,2007-11-30,C002,456.95,Online Checkout,Completed,DMI
DMI-WEB10561,WEB10561,2007-12-01,C016,603.68,Online Checkout,Cancelled,DMI
DMI-WEB10562,WEB10562,2007-12-01,C021,733.04,Online Checkout,Completed,DMI
DMI-WEB10563,WEB10563,2007-12-02,C011,1216.95,Online Checkout,Completed,DMI
DMI-WEB10564,WEB10564,2007-12-03,C025,220.5,Online Checkout,Completed,DMI
DMI-WEB10565,WEB10565,2007-12-03,C002,252.0,Online Checkout,Completed,DMI
DMI-WEB10566,WEB10566,2007-12-05,C005,472.5,Online Checkout,Completed,DMI
DMI-WEB10567,WEB10567,2007-12-05,C009,238.0,Online Checkout,Completed,DMI
DMI-WEB10568,WEB10568,2007-12-06,C013,385.0,Online Checkout,Completed,DMI
DMI-WEB10569,WEB10569,2007-12-10,C011,510.0,Online Checkout,Completed,DMI
DMI-WEB10570,WEB10570,2007-12-10,C017,283.5,Online Checkout,Cancelled,DMI
DMI-WEB10571,WEB10571,2007-12-10,C026,420.0,Online Checkout,Completed,DMI
DMI-WEB10572,WEB10572,2007-12-13,C022,807.5,Online Checkout,Completed,DMI
DMI-WEB10573,WEB10573,2007-12-13,C007,123.48,Online Checkout,Completed,DMI
DMI-WEB10574,WEB10574,2007-12-15,C031,336.0,Online Checkout,Completed,DMI
DMI-WEB10575,WEB10575,2007-12-15,C028,510.0,Online Checkout,Completed,DMI
DMI-WEB10576,WEB10576,2007-12-15,C013,84.0,Online Checkout,Completed,DMI
DMI-WEB10577,WEB10577,2007-12-16,C006,631.12,Online Checkout,Completed,DMI
DMI-WEB10578,WEB10578,2007-12-16,C003,409.5,Online Checkout,Completed,DMI
DMI-WEB10579,WEB10579,2007-12-16,C013,850.0,Online Checkout,Cancelled,DMI
DMI-WEB10580,WEB10580,2007-12-17,C028,1265.0,Online Checkout,Completed,DMI
DMI-WEB10581,WEB10581,2007-12-17,C018,742.9,Online Checkout,Completed,DMI
DMI-WEB10582,WEB10582,2007-12-17,C006,1464.0,Online Checkout,Completed,DMI
DMI-WEB10583,WEB10583,2007-12-18,C017,92.61,Online Checkout,Completed,DMI
DMI-WEB10584,WEB10584,2007-12-18,C001,1132.88,Online Checkout,Completed,DMI
DMI-WEB10585,WEB10585,2007-12-18,C009,552.5,Online Checkout,Completed,DMI
DMI-WEB10586,WEB10586,2007-12-20,C018,555.66,Online Checkout,Completed,DMI
DMI-WEB10587,WEB10587,2007-12-20,C023,866.32,Online Checkout,Completed,DMI
DMI-WEB10588,WEB10588,2007-12-21,C011,478.8,Online Checkout,Completed,DMI
DMI-WEB10589,WEB10589,2007-12-21,C010,308.0,Online Checkout,Returned,DMI
DMI-WEB10590,WEB10590,2007-12-24,C027,133.0,Online Checkout,Completed,DMI
DMI-WEB10591,WEB10591,2007-12-25,C028,425.6,Online Checkout,Completed,DMI
DMI-WEB10592,WEB10592,2007-12-27,C002,305.0,Online Checkout,Returned,DMI
DMI-WEB10593,WEB10593,2007-12-28,C001,808.45,Online Checkout,Completed,DMI
DMI-WEB10594,WEB10594,2007-12-28,C027,374.0,Online Checkout,Completed,DMI
DMI-WEB10595,WEB10595,2007-12-28,C016,370.0,Online Checkout,Completed,DMI
DMI-WEB10596,WEB10596,2007-12-29,C022,532.0,Online Checkout,Completed,DMI
DMI-WEB10597,WEB10597,2007-12-30,C005,598.5,Online Checkout,Cancelled,DMI
DMI-WEB10598,WEB10598,2007-12-30,C004,592.9,Online Checkout,Completed,DMI
DMI-WEB10599,WEB10599,2007-12-30,C010,220.5,Online Checkout,Completed,DMI
DMI-WEB10600,WEB10600,2008-01-01,C017,646.0,Online Checkout,Completed,DMI
DMI-WEB10601,WEB10601,2008-01-01,C022,726.75,Online Checkout,Completed,DMI
DMI-WEB10602,WEB10602,2008-01-01,C016,156.75,Online Checkout,Completed,DMI
DMI-WEB10603,WEB10603,2008-01-02,C020,568.57,Online Checkout,Returned,DMI
DMI-WEB10604,WEB10604,2008-01-02,C014,504.0,Online Checkout,Completed,DMI
DMI-WEB10605,WEB10605,2008-01-02,C022,775.2,Online Checkout,Completed,DMI
DMI-WEB10606,WEB10606,2008-01-03,C012,41.65,Online Checkout,Completed,DMI
DMI-WEB10607,WEB10607,2008-01-06,C002,504.0,Online Checkout,Completed,DMI
DMI-WEB10608,WEB10608,2008-01-06,C010,518.0,Online Checkout,Completed,DMI
DMI-WEB10609,WEB10609,2008-01-06,C023,1532.72,Online Checkout,Cancelled,DMI
DMI-WEB10610,WEB10610,2008-01-07,C025,599.76,Online Checkout,Completed,DMI
DMI-WEB10611,WEB10611,2008-01-07,C011,538.02,Online Checkout,Cancelled,DMI
DMI-WEB10612,WEB10612,2008-01-07,C003,797.72,Online Checkout,Completed,DMI
DMI-WEB10613,WEB10613,2008-01-08,C012,306.0,Online Checkout,Completed,DMI
DMI-WEB10614,WEB10614,2008-01-09,C001,420.0,Online Checkout,Completed,DMI
DMI-WEB10615,WEB10615,2008-01-10,C001,1162.8,Online Checkout,Completed,DMI
DMI-WEB10616,WEB10616,2008-01-10,C012,661.5,Online Checkout,Completed,DMI
DMI-WEB10617,WEB10617,2008-01-11,C030,585.2,Online Checkout,Cancelled,DMI
DMI-WEB10618,WEB10618,2008-01-11,C001,807.5,Online Checkout,Completed,DMI
DMI-WEB10619,WEB10619,2008-01-14,C005,748.0,Online Checkout,Completed,DMI
DMI-WEB10620,WEB10620,2008-01-17,C023,56.0,Online Checkout,Completed,DMI
DMI-WEB10621,WEB10621,2008-01-17,C006,315.0,Online Checkout,Returned,DMI
DMI-WEB10622,WEB10622,2008-01-18,C009,378.0,Online Checkout,Completed,DMI
DMI-WEB10623,WEB10623,2008-01-18,C018,124.95,Online Checkout,Completed,DMI
DMI-WEB10624,WEB10624,2008-01-19,C017,272.0,Online Checkout,Completed,DMI
DMI-WEB10625,WEB10625,2008-01-19,C008,843.6,Online Checkout,Completed,DMI
DMI-WEB10626,WEB10626,2008-01-19,C027,239.4,Online Checkout,Completed,DMI
DMI-WEB10627,WEB10627,2008-01-20,C003,472.5,Online Checkout,Completed,DMI
DMI-WEB10628,WEB10628,2008-01-20,C022,140.0,Online Checkout,Completed,DMI
DMI-WEB10629,WEB10629,2008-01-20,C010,185.0,Online Checkout,Cancelled,DMI
DMI-WEB10630,WEB10630,2008-01-21,C007,470.25,Online Checkout,Completed,DMI
DMI-WEB10631,WEB10631,2008-01-21,C001,610.0,Online Checkout,Completed,DMI
DMI-WEB10632,WEB10632,2008-01-21,C012,84.0,Online Checkout,Completed,DMI
DMI-WEB10633,WEB10633,2008-01-22,C003,212.8,Online Checkout,Completed,DMI
DMI-WEB10634,WEB10634,2008-01-23,C022,386.65,Online Checkout,Completed,DMI
DMI-WEB10635,WEB10635,2008-01-24,C029,333.0,Online Checkout,Completed,DMI
DMI-WEB10636,WEB10636,2008-01-24,C018,586.53,Online Checkout,Cancelled,DMI
DMI-WEB10637,WEB10637,2008-01-24,C025,797.72,Online Checkout,Returned,DMI
DMI-WEB10638,WEB10638,2008-01-25,C021,527.25,Online Checkout,Completed,DMI
DMI-WEB10639,WEB10639,2008-01-27,C007,644.0,Online Checkout,Completed,DMI
DMI-WEB10640,WEB10640,2008-01-27,C008,296.0,Online Checkout,Completed,DMI
DMI-WEB10641,WEB10641,2008-01-29,C031,807.5,Online Checkout,Completed,DMI
DMI-WEB10642,WEB10642,2008-01-29,C003,1220.0,Online Checkout,Completed,DMI
DMI-WEB10643,WEB10643,2008-01-29,C002,246.05,Online Checkout,Completed,DMI
DMI-WEB10644,WEB10644,2008-01-30,C003,686.38,Online Checkout,Completed,DMI
DMI-WEB10645,WEB10645,2008-01-30,C005,661.5,Online Checkout,Completed,DMI
DMI-WEB10646,WEB10646,2008-01-30,C004,258.4,Online Checkout,Returned,DMI
DMI-WEB10647,WEB10647,2008-01-31,C006,952.0,Online Checkout,Completed,DMI
DMI-WEB10648,WEB10648,2008-02-01,C013,456.95,Online Checkout,Completed,DMI
DMI-WEB10649,WEB10649,2008-02-01,C006,290.7,Online Checkout,Completed,DMI
DMI-WEB10650,WEB10650,2008-02-02,C010,347.7,Online Checkout,Completed,DMI
DMI-WEB10651,WEB10651,2008-02-02,C019,1101.05,Online Checkout,Completed,DMI
DMI-WEB10652,WEB10652,2008-02-02,C016,1224.0,Online Checkout,Completed,DMI
DMI-WEB10653,WEB10653,2008-02-04,C018,585.2,Online Checkout,Completed,DMI
DMI-WEB10654,WEB10654,2008-02-05,C013,627.0,Online Checkout,Completed,DMI
DMI-WEB10655,WEB10655,2008-02-06,C025,672.0,Online Checkout,Completed,DMI
DMI-WEB10656,WEB10656,2008-02-06,C005,588.0,Online Checkout,Cancelled,DMI
DMI-WEB10657,WEB10657,2008-02-06,C021,638.4,Online Checkout,Completed,DMI
DMI-WEB10658,WEB10658,2008-02-07,C023,439.04,Online Checkout,Completed,DMI
DMI-WEB10659,WEB10659,2008-02-08,C029,157.5,Online Checkout,Completed,DMI
DMI-WEB10660,WEB10660,2008-02-09,C021,252.0,Online Checkout,Completed,DMI
DMI-WEB10661,WEB10661,2008-02-10,C021,783.75,Online Checkout,Completed,DMI
DMI-WEB10662,WEB10662,2008-02-10,C003,539.0,Online Checkout,Completed,DMI
DMI-WEB10663,WEB10663,2008-02-10,C002,259.0,Online Checkout,Completed,DMI
DMI-WEB10664,WEB10664,2008-02-12,C012,442.0,Online Checkout,Completed,DMI
DMI-WEB10665,WEB10665,2008-02-12,C007,1210.0,Online Checkout,Cancelled,DMI
DMI-WEB10666,WEB10666,2008-02-12,C007,418.95,Online Checkout,Completed,DMI
DMI-WEB10667,WEB10667,2008-02-13,C001,560.0,Online Checkout,Completed,DMI
DMI-WEB10668,WEB10668,2008-02-14,C023,1088.0,Online Checkout,Completed,DMI
DMI-WEB10669,WEB10669,2008-02-14,C027,126.0,Online Checkout,Completed,DMI
DMI-WEB10670,WEB10670,2008-02-14,C022,231.8,Online Checkout,Completed,DMI
DMI-WEB10671,WEB10671,2008-02-17,C024,1156.0,Online Checkout,Completed,DMI
DMI-WEB10672,WEB10672,2008-02-17,C006,814.0,Online Checkout,Completed,DMI
DMI-WEB10673,WEB10673,2008-02-17,C011,261.25,Online Checkout,Completed,DMI
DMI-WEB10674,WEB10674,2008-02-20,C016,499.8,Online Checkout,Completed,DMI
DMI-WEB10675,WEB10675,2008-02-20,C025,32.3,Online Checkout,Completed,DMI
DMI-WEB10676,WEB10676,2008-02-20,C014,170.0,Online Checkout,Completed,DMI
DMI-WEB10677,WEB10677,2008-02-21,C025,64.6,Online Checkout,Completed,DMI
DMI-WEB10678,WEB10678,2008-02-21,C019,129.2,Online Checkout,Completed,DMI
DMI-WEB10679,WEB10679,2008-02-23,C008,255.0,Online Checkout,Completed,DMI
DMI-WEB10680,WEB10680,2008-02-23,C002,432.18,Online Checkout,Completed,DMI
DMI-WEB10681,WEB10681,2008-02-24,C018,330.0,Online Checkout,Completed,DMI
DMI-WEB10682,WEB10682,2008-02-24,C024,55.0,Online Checkout,Completed,DMI
DMI-WEB10683,WEB10683,2008-02-25,C013,782.0,Online Checkout,Completed,DMI
DMI-WEB10684,WEB10684,2008-02-27,C029,833.0,Online Checkout,Completed,DMI
DMI-WEB10685,WEB10685,2008-02-27,C022,732.0,Online Checkout,Completed,DMI
DMI-WEB10686,WEB10686,2008-02-28,C018,336.0,Online Checkout,Completed,DMI
DMI-WEB10687,WEB10687,2008-02-28,C015,548.8,Online Checkout,Completed,DMI
DMI-WEB10688,WEB10688,2008-02-29,C027,55.0,Online Checkout,Returned,DMI
DMI-WEB10689,WEB10689,2008-02-29,C030,1700.0,Online Checkout,Completed,DMI
DMI-WEB10690,WEB10690,2008-02-29,C005,710.6,Online Checkout,Completed,DMI
DMI-WEB10691,WEB10691,2008-03-01,C028,767.12,Online Checkout,Completed,DMI
DMI-WEB10692,WEB10692,2008-03-02,C017,272.0,Online Checkout,Completed,DMI
DMI-WEB10693,WEB10693,2008-03-02,C002,148.0,Online Checkout,Completed,DMI
DMI-WEB10694,WEB10694,2008-03-02,C001,329.18,Online Checkout,Completed,DMI
DMI-WEB10695,WEB10695,2008-03-05,C027,183.0,Online Checkout,Completed,DMI
DMI-WEB10696,WEB10696,2008-03-05,C004,874.65,Online Checkout,Completed,DMI
DMI-WEB10697,WEB10697,2008-03-05,C007,467.5,Online Checkout,Cancelled,DMI
DMI-WEB10698,WEB10698,2008-03-07,C006,880.0,Online Checkout,Completed,DMI
DMI-WEB10699,WEB10699,2008-03-07,C007,1564.0,Online Checkout,Completed,DMI
DMI-WEB10700,WEB10700,2008-03-08,C030,488.0,Online Checkout,Completed,DMI
DMI-WEB10701,WEB10701,2008-03-09,C006,550.0,Online Checkout,Cancelled,DMI
DMI-WEB10702,WEB10702,2008-03-11,C023,333.0,Online Checkout,Completed,DMI
DMI-WEB10703,WEB10703,2008-03-11,C031,661.5,Online Checkout,Completed,DMI
DMI-WEB10704,WEB10704,2008-03-11,C016,220.5,Online Checkout,Returned,DMI
DMI-WEB10705,WEB10705,2008-03-12,C016,598.5,Online Checkout,Cancelled,DMI
DMI-WEB10706,WEB10706,2008-03-12,C029,560.0,Online Checkout,Completed,DMI
DMI-WEB10707,WEB10707,2008-03-13,C022,408.0,Online Checkout,Completed,DMI
DMI-WEB10708,WEB10708,2008-03-14,C002,1066.24,Online Checkout,Completed,DMI
DMI-WEB10709,WEB10709,2008-03-14,C030,466.48,Online Checkout,Completed,DMI
DMI-WEB10710,WEB10710,2008-03-14,C027,34.0,Online Checkout,Completed,DMI
DMI-WEB10711,WEB10711,2008-03-15,C002,488.0,Online Checkout,Completed,DMI
DMI-WEB10712,WEB10712,2008-03-17,C016,695.4,Online Checkout,Completed,DMI
DMI-WEB10713,WEB10713,2008-03-17,C017,799.68,Online Checkout,Completed,DMI
DMI-WEB10714,WEB10714,2008-03-17,C027,715.0,Online Checkout,Completed,DMI
DMI-WEB10715,WEB10715,2008-03-19,C029,239.4,Online Checkout,Completed,DMI
DMI-WEB10716,WEB10716,2008-03-19,C021,833.0,Online Checkout,Completed,DMI
DMI-WEB10717,WEB10717,2008-03-19,C023,814.0,Online Checkout,Completed,DMI
DMI-WEB10718,WEB10718,2008-03-20,C015,544.0,Online Checkout,Completed,DMI
DMI-WEB10719,WEB10719,2008-03-20,C018,1615.0,Online Checkout,Completed,DMI
DMI-WEB10720,WEB10720,2008-03-22,C025,107.8,Online Checkout,Completed,DMI
DMI-WEB10721,WEB10721,2008-03-22,C003,714.0,Online Checkout,Completed,DMI
DMI-WEB10722,WEB10722,2008-03-22,C028,581.4,Online Checkout,Completed,DMI
DMI-WEB10723,WEB10723,2008-03-23,C010,598.5,Online Checkout,Completed,DMI
DMI-WEB10724,WEB10724,2008-03-23,C017,644.0,Online Checkout,Completed,DMI
DMI-WEB10725,WEB10725,2008-03-24,C001,1162.8,Online Checkout,Cancelled,DMI
DMI-WEB10726,WEB10726,2008-03-25,C010,836.0,Online Checkout,Completed,DMI
DMI-WEB10727,WEB10727,2008-03-25,C011,106.4,Online Checkout,Completed,DMI
DMI-WEB10728,WEB10728,2008-03-25,C013,1320.0,Online Checkout,Completed,DMI
DMI-WEB10729,WEB10729,2008-03-27,C013,407.0,Online Checkout,Completed,DMI
DMI-WEB10730,WEB10730,2008-03-27,C004,123.48,Online Checkout,Completed,DMI
DMI-WEB10731,WEB10731,2008-03-28,C004,84.0,Online Checkout,Completed,DMI
DMI-WEB10732,WEB10732,2008-03-28,C030,161.5,Online Checkout,Completed,DMI
DMI-WEB10733,WEB10733,2008-03-28,C028,1100.0,Online Checkout,Completed,DMI
DMI-WEB10734,WEB10734,2008-03-30,C021,129.2,Online Checkout,Cancelled,DMI
DMI-WEB10735,WEB10735,2008-03-30,C008,567.0,Online Checkout,Completed,DMI
DMI-WEB10736,WEB10736,2008-03-31,C013,761.46,Online Checkout,Completed,DMI
DMI-WEB10737,WEB10737,2008-03-31,C025,1020.0,Online Checkout,Completed,DMI
DMI-WEB10738,WEB10738,2008-04-01,C003,588.0,Online Checkout,Completed,DMI
DMI-WEB10739,WEB10739,2008-04-04,C019,266.56,Online Checkout,Completed,DMI
DMI-WEB10740,WEB10740,2008-04-04,C003,1632.0,Online Checkout,Completed,DMI
DMI-WEB10741,WEB10741,2008-04-05,C011,680.0,Online Checkout,Completed,DMI
DMI-WEB10742,WEB10742,2008-04-05,C030,384.16,Online Checkout,Completed,DMI
DMI-WEB10743,WEB10743,2008-04-05,C018,558.6,Online Checkout,Completed,DMI
DMI-WEB10744,WEB10744,2008-04-06,C011,362.6,Online Checkout,Completed,DMI
DMI-WEB10745,WEB10745,2008-04-06,C017,543.9,Online Checkout,Completed,DMI
DMI-WEB10746,WEB10746,2008-04-06,C023,1342.0,Online Checkout,Completed,DMI
DMI-WEB10747,WEB10747,2008-04-07,C016,85.0,Online Checkout,Completed,DMI
DMI-WEB10748,WEB10748,2008-04-08,C008,969.0,Online Checkout,Completed,DMI
DMI-WEB10749,WEB10749,2008-04-08,C013,64.6,Online Checkout,Completed,DMI
DMI-WEB10750,WEB10750,2008-04-08,C022,714.0,Online Checkout,Completed,DMI
DMI-WEB10751,WEB10751,2008-04-10,C020,783.75,Online Checkout,Completed,DMI
DMI-WEB10752,WEB10752,2008-04-10,C022,1076.04,Online Checkout,Completed,DMI
DMI-WEB10753,WEB10753,2008-04-11,C018,209.0,Online Checkout,Completed,DMI
DMI-WEB10754,WEB10754,2008-04-11,C008,405.65,Online Checkout,Completed,DMI
DMI-WEB10755,WEB10755,2008-04-12,C007,165.0,Online Checkout,Completed,DMI
DMI-WEB10756,WEB10756,2008-04-12,C009,323.4,Online Checkout,Completed,DMI
DMI-WEB10757,WEB10757,2008-04-12,C030,1374.94,Online Checkout,Completed,DMI
DMI-WEB10758,WEB10758,2008-04-13,C026,522.5,Online Checkout,Completed,DMI
DMI-WEB10759,WEB10759,2008-04-14,C023,878.75,Online Checkout,Completed,DMI
DMI-WEB10760,WEB10760,2008-04-14,C018,578.0,Online Checkout,Returned,DMI
DMI-WEB10761,WEB10761,2008-04-15,C029,560.0,Online Checkout,Returned,DMI
DMI-WEB10762,WEB10762,2008-04-15,C023,266.0,Online Checkout,Returned,DMI
DMI-WEB10763,WEB10763,2008-04-16,C029,392.0,Online Checkout,Cancelled,DMI
DMI-WEB10764,WEB10764,2008-04-16,C029,888.0,Online Checkout,Completed,DMI
DMI-WEB10765,WEB10765,2008-04-16,C013,238.0,Online Checkout,Completed,DMI
DMI-WEB10766,WEB10766,2008-04-17,C023,1155.0,Online Checkout,Completed,DMI
DMI-WEB10767,WEB10767,2008-04-17,C024,463.05,Online Checkout,Returned,DMI
DMI-WEB10768,WEB10768,2008-04-18,C013,471.38,Online Checkout,Completed,DMI
DMI-WEB10769,WEB10769,2008-04-18,C007,748.12,Online Checkout,Completed,DMI
DMI-WEB10770,WEB10770,2008-04-18,C013,999.6,Online Checkout,Completed,DMI
DMI-WEB10771,WEB10771,2008-04-19,C017,977.5,Online Checkout,Completed,DMI
DMI-WEB10772,WEB10772,2008-04-19,C008,448.0,Online Checkout,Completed,DMI
DMI-WEB10773,WEB10773,2008-04-20,C023,1088.0,Online Checkout,Completed,DMI
DMI-WEB10774,WEB10774,2008-04-20,C002,599.76,Online Checkout,Completed,DMI
DMI-WEB10775,WEB10775,2008-04-20,C030,585.2,Online Checkout,Completed,DMI
DMI-WEB10776,WEB10776,2008-04-21,C008,588.0,Online Checkout,Cancelled,DMI
DMI-WEB10777,WEB10777,2008-04-21,C017,315.0,Online Checkout,Cancelled,DMI
DMI-WEB10778,WEB10778,2008-04-22,C003,495.0,Online Checkout,Completed,DMI
DMI-WEB10779,WEB10779,2008-04-23,C008,82.32,Online Checkout,Completed,DMI
DMI-WEB10780,WEB10780,2008-04-23,C017,385.0,Online Checkout,Completed,DMI
DMI-WEB10781,WEB10781,2008-04-23,C010,693.0,Online Checkout,Completed,DMI
DMI-WEB10782,WEB10782,2008-04-24,C008,140.0,Online Checkout,Completed,DMI
DMI-WEB10783,WEB10783,2008-04-24,C008,374.0,Online Checkout,Completed,DMI
DMI-WEB10784,WEB10784,2008-04-24,C015,435.12,Online Checkout,Completed,DMI
DMI-WEB10785,WEB10785,2008-04-25,C008,40.38,Online Checkout,Completed,DMI
DMI-WEB10786,WEB10786,2008-04-25,C026,485.1,Online Checkout,Completed,DMI
DMI-WEB10787,WEB10787,2008-04-25,C007,896.7,Online Checkout,Completed,DMI
DMI-WEB10788,WEB10788,2008-04-26,C006,94.5,Online Checkout,Returned,DMI
DMI-WEB10789,WEB10789,2008-04-26,C012,632.7,Online Checkout,Completed,DMI
DMI-WEB10790,WEB10790,2008-04-26,C018,244.0,Online Checkout,Cancelled,DMI
DMI-WEB10791,WEB10791,2008-04-28,C001,925.0,Online Checkout,Completed,DMI
DMI-WEB10792,WEB10792,2008-04-30,C005,37.0,Online Checkout,Completed,DMI
DMI-WEB10793,WEB10793,2008-05-01,C020,1088.0,Online Checkout,Completed,DMI
DMI-WEB10794,WEB10794,2008-05-01,C011,340.0,Online Checkout,Completed,DMI
DMI-WEB10795,WEB10795,2008-05-01,C025,476.0,Online Checkout,Completed,DMI
DMI-WEB10796,WEB10796,2008-05-03,C004,129.2,Online Checkout,Completed,DMI
DMI-WEB10797,WEB10797,2008-05-03,C007,715.0,Online Checkout,Completed,DMI
DMI-WEB10798,WEB10798,2008-05-04,C016,70.3,Online Checkout,Completed,DMI
DMI-WEB10799,WEB10799,2008-05-05,C002,444.0,Online Checkout,Completed,DMI
DMI-WEB10800,WEB10800,2008-05-08,C017,580.16,Online Checkout,Completed,DMI
DMI-WEB10801,WEB10801,2008-05-08,C025,239.4,Online Checkout,Completed,DMI
DMI-WEB10802,WEB10802,2008-05-08,C018,927.2,Online Checkout,Completed,DMI
DMI-WEB10803,WEB10803,2008-05-11,C031,680.0,Online Checkout,Completed,DMI
DMI-WEB10804,WEB10804,2008-05-11,C002,210.9,Online Checkout,Completed,DMI
DMI-WEB10805,WEB10805,2008-05-11,C012,1564.0,Online Checkout,Completed,DMI
DMI-WEB10806,WEB10806,2008-05-12,C003,1045.0,Online Checkout,Completed,DMI
DMI-WEB10807,WEB10807,2008-05-14,C017,581.4,Online Checkout,Completed,DMI
DMI-WEB10808,WEB10808,2008-05-15,C023,1265.0,Online Checkout,Completed,DMI
DMI-WEB10809,WEB10809,2008-05-15,C011,280.0,Online Checkout,Completed,DMI
DMI-WEB19999,WEB19999,2007-10-19,C031,61.0,Online Checkout,Completed,DMI
DMI-XORD10499,ORD10499,2008-05-12,C009,1430.0,Manual Re-Entry,Completed,DMI
DMI-XORD10475,ORD10475,2008-05-01,C027,2788.0,TEMP PROCEDURE,Completed,DMI
DMI-XORD10479,ORD10479,2008-05-02,C014,327.6,sales rep reentry,Completed,DMI
DMI-XORD10480,ORD10480,2008-05-02,C007,1324.3,sales rep reentry,Completed,DMI
DMI-XORD10457,ORD10457,2008-04-22,C017,1881.0,Manual Re-Entry,Completed,DMI
DMI-XORD10444,ORD10444,2008-04-17,C025,1227.4,sales rep reentry,Completed,DMI
DMI-XORD10432,ORD10432,2008-04-11,C025,1089.28,sales rep reentry,Completed,DMI
DMI-XORD10443,ORD10443,2008-04-16,C017,1417.5,sales rep reentry,Completed,DMI
DMI-XORD10501,ORD10501,2008-05-13,C006,1162.35,TEMP PROCEDURE,Completed,DMI
DMI-XORD10421,ORD10421,2008-04-04,C028,1465.2,Manual Re-Entry,Completed,DMI
DMI-XORD10454,ORD10454,2008-04-21,C004,2080.65,Sales Rep Re-entry,Completed,DMI
DMI-XORD10459,ORD10459,2008-04-24,C013,1332.0,Sales Rep Re-entry,Completed,DMI
DMI-XORD10477,ORD10477,2008-05-01,C022,1220.26,TEMP PROCEDURE,Completed,DMI
DMI-XORD10437,ORD10437,2008-04-14,C024,1071.0,Manual Re-Entry,Completed,DMI
DMI-XORD10445,ORD10445,2008-04-17,C022,1008.0,sales rep reentry,Completed,DMI
DMI-XORD10452,ORD10452,2008-04-21,C026,625.6,sales rep reentry,Completed,DMI
DMI-XORD10495,ORD10495,2008-05-09,C022,702.76,Manual Re-Entry,Completed,DMI
DMI-XORD10439,ORD10439,2008-04-15,C002,448.96,sales rep reentry,Completed,DMI
DMI-XORD10446,ORD10446,2008-04-17,C016,1098.9,Sales Rep Re-entry,Completed,DMI
DMI-XORD10500,ORD10500,2008-05-13,C017,977.5,TEMP PROCEDURE,Completed,DMI
DMI-XORD10487,ORD10487,2008-05-07,C018,131.92,sales rep reentry,Completed,DMI
DMI-XORD10504,ORD10504,2008-05-13,C013,1742.5,sales rep reentry,Completed,DMI
DMI-XORD10424,ORD10424,2008-04-04,C015,96.9,TEMP PROCEDURE,Completed,DMI
DMI-XORD10505,ORD10505,2008-05-14,C028,1122.0,sales rep reentry,Completed,DMI
DMI-XORD10451,ORD10451,2008-04-21,C008,204.0,TEMP PROCEDURE,Completed,DMI
DMI-XORD10474,ORD10474,2008-04-30,C002,1033.6,Sales Rep Re-entry,Completed,DMI
DMI-XORD10478,ORD10478,2008-05-01,C001,2788.0,Manual Re-Entry,Completed,DMI
DMI-XORD10503,ORD10503,2008-05-13,C021,740.0,Sales Rep Re-entry,Completed,DMI
DMI-XORD10506,ORD10506,2008-05-14,C028,1816.88,TEMP PROCEDURE,Completed,DMI
DMI-XORD10496,ORD10496,2008-05-12,C028,679.25,TEMP PROCEDURE,Completed,DMI
DMI-XORD10486,ORD10486,2008-05-07,C029,220.0,TEMP PROCEDURE,Completed,DMI
DMI-XORD10463,ORD10463,2008-04-24,C013,408.0,sales rep reentry,Completed,DMI
DMI-XORD10426,ORD10426,2008-04-07,C009,467.5,Sales Rep Re-entry,Completed,DMI
DMI-XORD10431,ORD10431,2008-04-11,C023,1952.0,sales rep reentry,Completed,DMI
DMI-XORD10498,ORD10498,2008-05-12,C013,807.5,sales rep reentry,Completed,DMI
DMI-XORD10507,ORD10507,2008-05-14,C016,1831.5,TEMP PROCEDURE,Completed,DMI
DMI-XORD10489,ORD10489,2008-05-08,C022,1274.9,sales rep reentry,Completed,DMI
DMI-XORD10436,ORD10436,2008-04-14,C025,714.0,sales rep reentry,Completed,DMI
DMI-XORD10420,ORD10420,2008-04-03,C012,1107.68,Manual Re-Entry,Completed,DMI
DMI-XORD10409,ORD10409,2008-04-01,C011,168.0,sales rep reentry,Completed,DMI
DMI-XORD10413,ORD10413,2008-04-02,C002,1265.4,sales rep reentry,Completed,DMI
DMI-XORD10466,ORD10466,2008-04-25,C023,1952.0,Sales Rep Re-entry,Completed,DMI
DMI-XORD10448,ORD10448,2008-04-17,C014,617.32,Sales Rep Re-entry,Completed,DMI
DMI-XORD10450,ORD10450,2008-04-21,C003,329.8,TEMP PROCEDURE,Completed,DMI
DMI-XORD10412,ORD10412,2008-04-01,C030,695.52,sales rep reentry,Completed,DMI
DMI-XORD10490,ORD10490,2008-05-08,C005,407.0,Sales Rep Re-entry,Completed,DMI
DMI-XORD10511,ORD10511,2008-05-15,C024,982.8,TEMP PROCEDURE,Completed,DMI
DMI-XORD10469,ORD10469,2008-04-28,C024,680.0,TEMP PROCEDURE,Completed,DMI
DMI-XORD10476,ORD10476,2008-05-01,C030,2519.4,TEMP PROCEDURE,Completed,DMI
DMI-XORD10512,ORD10512,2008-05-15,C024,1110.0,Sales Rep Re-entry,Completed,DMI
DMI-XORD10465,ORD10465,2008-04-25,C016,370.0,TEMP PROCEDURE,Completed,DMI
DMI-XORD10493,ORD10493,2008-05-09,C018,2090.0,Sales Rep Re-entry,Completed,DMI
DMI-XORD10441,ORD10441,2008-04-16,C024,190.12,Sales Rep Re-entry,Completed,DMI
DMI-XORD10428,ORD10428,2008-04-09,C021,2013.0,TEMP PROCEDURE,Completed,DMI
DMI-XORD10429,ORD10429,2008-04-09,C030,650.25,TEMP PROCEDURE,Completed,DMI
DMI-XORD10434,ORD10434,2008-04-14,C029,2562.0,sales rep reentry,Completed,DMI
DMI-XORD10470,ORD10470,2008-04-28,C016,956.25,Manual Re-Entry,Completed,DMI
DMI-XORD10467,ORD10467,2008-04-28,C023,956.25,Manual Re-Entry,Completed,DMI
DMI-XORD10438,ORD10438,2008-04-15,C008,263.84,Manual Re-Entry,Completed,DMI
DMI-XORD10492,ORD10492,2008-05-09,C005,1370.85,TEMP PROCEDURE,Completed,DMI
DMI-XORD10418,ORD10418,2008-04-03,C005,1258.0,sales rep reentry,Completed,DMI
DMI-XORD10410,ORD10410,2008-04-01,C011,1591.0,Manual Re-Entry,Completed,DMI
DMI-XORD10422,ORD10422,2008-04-04,C002,1768.0,TEMP PROCEDURE,Completed,DMI
DMI-XORD10433,ORD10433,2008-04-14,C018,346.5,Sales Rep Re-entry,Completed,DMI
DMI-XORD10411,ORD10411,2008-04-01,C010,297.0,TEMP PROCEDURE,Completed,DMI
DMI-XORD10482,ORD10482,2008-05-05,C014,1265.0,TEMP PROCEDURE,Completed,DMI
DMI-XORD10417,ORD10417,2008-04-02,C002,1054.5,TEMP PROCEDURE,Completed,DMI
DMI-XORD10488,ORD10488,2008-05-08,C017,1531.8,TEMP PROCEDURE,Completed,DMI
DMI-XORD10497,ORD10497,2008-05-12,C009,976.0,Sales Rep Re-entry,Completed,DMI
DMI-XORD10494,ORD10494,2008-05-09,C028,1402.5,sales rep reentry,Completed,DMI
DMI-XORD10462,ORD10462,2008-04-24,C026,748.88,Sales Rep Re-entry,Completed,DMI
DMI-XORD10460,ORD10460,2008-04-24,C030,469.2,sales rep reentry,Completed,DMI
DMI-XORD10484,ORD10484,2008-05-07,C010,550.0,Sales Rep Re-entry,Completed,DMI
DMI-XORD10425,ORD10425,2008-04-07,C018,907.2,sales rep reentry,Completed,DMI
DMI-XORD10449,ORD10449,2008-04-18,C007,2035.0,sales rep reentry,Completed,DMI
DMI-XORD10442,ORD10442,2008-04-16,C018,1592.1,TEMP PROCEDURE,Completed,DMI
DMI-XORD10458,ORD10458,2008-04-23,C024,666.0,Manual Re-Entry,Completed,DMI
DMI-XORD10472,ORD10472,2008-04-29,C023,370.0,Sales Rep Re-entry,Completed,DMI
DMI-XORD10439,ORD10439,2008-04-15,C002,448.96,sales rep reentry,Completed,DMI
DMI-XORD10448,ORD10448,2008-04-17,C014,617.32,Sales Rep Re-entry,Completed,DMI
DMI-WEB10711,WEB10711,2008-03-15,C002,488.0,Online Checkout,Completed,DMI
DMI-WEB10708,WEB10708,2008-03-14,C002,1066.24,Online Checkout,Completed,DMI
