order_id,order_date,customer_id,sales_rep_id,channel,product_id,quantity,unit_price,discount_pct,order_revenue,order_status,source_system
ORD10001,2007-10-01,C017,S004,Field,P006,41,31.5,0,1291.5,Completed,Legacy_Sales
ORD10002,2007-10-01,C026,S002,Email,P003,44,61.0,0.03,2603.48,Completed,Legacy_Sales
ORD10003,2007-10-02,C020,S001,Phone,P007,12,37.0,0.05,421.8,Completed,Legacy_Sales
ORD10004,2007-10-02,C014,S004,Field,P003,25,61.0,0.08,1403.0,Returned,Legacy_Sales
ORD10005,2007-10-02,C007,S005,Phone,P006,4,31.5,0,126.0,Completed,Legacy_Sales
ORD10006,2007-10-02,C015,S003,Phone,P005,31,28.0,0,868.0,Completed,Legacy_Sales
ORD10007,2007-10-03,C027,S002,Phone,P002,7,55.0,0,385.0,Completed,Legacy_Sales
ORD10008,2007-10-03,C001,S003,Field,P005,38,28.0,0.03,1032.08,Completed,Legacy_Sales
ORD10009,2007-10-03,C011,S005,Phone,P001,35,42.5,0.03,1442.88,Completed,Legacy_Sales
ORD10010,2007-10-03,C025,S002,Phone,P004,21,68.0,0,1428.0,Completed,Legacy_Sales
ORD10011,2007-10-03,C009,S002,Field,P007,3,37.0,0,111.0,Completed,Legacy_Sales
ORD10012,2007-10-04,C008,S004,Email,P007,17,37.0,0.1,566.1,Completed,Legacy_Sales
ORD10013,2007-10-04,C024,S002,Email,P007,42,37.0,0,1554.0,Completed,Legacy_Sales
ORD10014,2007-10-04,C015,S003,Field,P006,21,31.5,0,661.5,Completed,Legacy_Sales
ORD10015,2007-10-05,C011,S002,Phone,P008,32,34.0,0,1088.0,Completed,Legacy_Sales
ORD10016,2007-10-05,C008,S002,Phone,P002,10,55.0,0.1,495.0,Completed,Legacy_Sales
ORD10017,2007-10-05,C011,S005,Phone,P002,27,55.0,0.08,1366.2,Completed,Legacy_Sales
ORD10018,2007-10-05,C008,S003,Phone,P007,11,37.0,0.03,394.79,Completed,Legacy_Sales
ORD10019,2007-10-08,C020,S004,Email,P008,43,34.0,0.1,1315.8,Completed,Legacy_Sales
ORD10020,2007-10-08,C016,S005,Phone,P005,39,28.0,0,1092.0,Completed,Legacy_Sales
ORD10021,2007-10-08,C028,S002,Phone,P008,20,34.0,0.05,646.0,Completed,Legacy_Sales
ORD10022,2007-10-09,C022,S003,Phone,P006,45,31.5,0,1417.5,Completed,Legacy_Sales
ORD10023,2007-10-09,C019,S002,Phone,P005,24,28.0,0,672.0,Completed,Legacy_Sales
ORD10024,2007-10-09,C001,S003,Email,P004,7,68.0,0.1,428.4,Completed,Legacy_Sales
ORD10025,2007-10-09,C017,S005,Phone,P002,28,55.0,0.05,1463.0,Completed,Legacy_Sales
ORD10026,2007-10-10,C017,S003,Email,P004,33,68.0,0.05,2131.8,Completed,Legacy_Sales
ORD10027,2007-10-10,C029,S005,Field,P005,44,28.0,0.03,1195.04,Completed,Legacy_Sales
ORD10028,2007-10-10,C004,S003,Phone,P007,32,37.0,0,1184.0,Completed,Legacy_Sales
ORD10029,2007-10-11,C030,S001,Field,P004,32,68.0,0.08,2001.92,Completed,Legacy_Sales
ORD10030,2007-10-11,C003,S005,Phone,P001,15,42.5,0,637.5,Completed,Legacy_Sales
ORD10031,2007-10-12,C014,S002,Phone,P005,19,28.0,0.08,489.44,Completed,Legacy_Sales
ORD10032,2007-10-12,C006,S005,Email,P008,12,34.0,0.05,387.6,Completed,Legacy_Sales
ORD10033,2007-10-12,C015,S002,Phone,P007,35,37.0,0.08,1191.4,Completed,Legacy_Sales
ORD10034,2007-10-12,C022,S003,Email,P001,25,42.5,0,1062.5,Completed,Legacy_Sales
ORD10035,2007-10-12,C006,S004,Email,P005,7,28.0,0.08,180.32,Completed,Legacy_Sales
ORD10036,2007-10-15,C021,S004,Field,P003,6,61.0,0.1,329.4,Completed,Legacy_Sales
ORD10037,2007-10-15,C010,S005,Phone,P001,27,42.5,0,1147.5,Completed,Legacy_Sales
ORD10038,2007-10-16,C023,S005,Phone,P006,30,31.5,0,945.0,Completed,Legacy_Sales
ORD10039,2007-10-16,C024,S005,Phone,P006,18,31.5,0,567.0,Completed,Legacy_Sales
ORD10040,2007-10-17,C029,S002,Phone,P005,32,28.0,0,896.0,Completed,Legacy_Sales
ORD10041,2007-10-18,C028,S004,Email,P005,18,28.0,0,504.0,Completed,Legacy_Sales
ORD10042,2007-10-18,C010,S001,Phone,P004,8,68.0,0,544.0,Completed,Legacy_Sales
ORD10043,2007-10-19,C028,S002,Phone,P003,40,61.0,0.03,2366.8,Completed,Legacy_Sales
ORD10044,2007-10-19,C026,S003,Phone,P002,6,55.0,0,330.0,Completed,Legacy_Sales
ORD10045,2007-10-19,C029,S004,Phone,P004,40,68.0,0.05,2584.0,Completed,Legacy_Sales
ORD10046,2007-10-19,C015,S003,Phone,P008,29,34.0,0,986.0,Completed,Legacy_Sales
ORD10047,2007-10-19,C005,S003,Phone,P002,15,55.0,0,825.0,Completed,Legacy_Sales
ORD10048,2007-10-22,C014,S003,Field,P006,12,31.5,0,378.0,Completed,Legacy_Sales
ORD10049,2007-10-22,C007,S005,Phone,P004,5,68.0,0,340.0,Completed,Legacy_Sales
ORD10050,2007-10-22,C005,S005,Phone,P001,14,42.5,0.1,535.5,Completed,Legacy_Sales
ORD10051,2007-10-22,C008,S003,Phone,P006,3,31.5,0.05,89.77,Completed,Legacy_Sales
ORD10052,2007-10-22,C010,S005,Email,P006,35,31.5,0.1,992.25,Completed,Legacy_Sales
ORD10053,2007-10-23,C013,S004,Field,P002,27,55.0,0,1485.0,Completed,Legacy_Sales
ORD10054,2007-10-23,C024,S001,Phone,P004,10,68.0,0,680.0,Completed,Legacy_Sales
ORD10055,2007-10-23,C021,S004,Field,P008,39,34.0,0.08,1219.92,Completed,Legacy_Sales
ORD10056,2007-10-23,C021,S001,Email,P007,38,37.0,0,1406.0,Completed,Legacy_Sales
ORD10057,2007-10-23,C001,S004,Phone,P004,28,68.0,0.08,1751.68,Completed,Legacy_Sales
ORD10058,2007-10-24,C014,S003,Phone,P007,39,37.0,0.05,1370.85,Completed,Legacy_Sales
ORD10059,2007-10-24,C019,S001,Phone,P007,5,37.0,0.05,175.75,Completed,Legacy_Sales
ORD10060,2007-10-24,C012,S001,Phone,P006,14,31.5,0,441.0,Completed,Legacy_Sales
ORD10061,2007-10-24,C003,S003,Phone,P002,19,55.0,0,1045.0,Completed,Legacy_Sales
ORD10062,2007-10-24,C011,S005,Phone,P007,8,37.0,0,296.0,Completed,Legacy_Sales
ORD10063,2007-10-25,C014,S005,Phone,P002,6,55.0,0.1,297.0,Completed,Legacy_Sales
ORD10064,2007-10-26,C021,S001,Phone,P001,4,42.5,0.05,161.5,Completed,Legacy_Sales
ORD10065,2007-10-26,C013,S002,Phone,P006,19,31.5,0,598.5,Completed,Legacy_Sales
ORD10066,2007-10-26,C025,S002,Phone,P006,14,31.5,0.03,427.77,Completed,Legacy_Sales
ORD10067,2007-10-29,C005,S004,Field,P005,26,28.0,0.08,669.76,Completed,Legacy_Sales
ORD10068,2007-10-30,C030,S002,Email,P003,23,61.0,0,1403.0,Completed,Legacy_Sales
ORD10069,2007-10-30,C005,S004,Field,P002,40,55.0,0,2200.0,Completed,Legacy_Sales
ORD10070,2007-10-30,C026,S004,Field,P002,30,55.0,0,1650.0,Completed,Legacy_Sales
ORD10071,2007-10-30,C002,S004,Email,P007,5,37.0,0.03,179.45,Completed,Legacy_Sales
ORD10072,2007-10-31,C027,S004,Email,P003,18,61.0,0.03,1065.06,Completed,Legacy_Sales
ORD10073,2007-10-31,C015,S005,Email,P006,8,31.5,0,252.0,Completed,Legacy_Sales
ORD10074,2007-10-31,C025,S003,Phone,P005,18,28.0,0,504.0,Cancelled,Legacy_Sales
ORD10075,2007-11-01,C005,S004,Phone,P005,28,28.0,0.08,721.28,Completed,Legacy_Sales
ORD10076,2007-11-01,C030,S004,Phone,P001,27,42.5,0.05,1090.12,Completed,Legacy_Sales
ORD10077,2007-11-01,C023,S003,Field,P004,9,68.0,0.08,563.04,Completed,Legacy_Sales
ORD10078,2007-11-01,C008,S004,Email,P008,42,34.0,0.1,1285.2,Completed,Legacy_Sales
ORD10079,2007-11-02,C016,S005,Phone,P006,12,31.5,0,378.0,Completed,Legacy_Sales
ORD10080,2007-11-02,C003,S002,Field,P008,17,34.0,0.08,531.76,Completed,Legacy_Sales
ORD10081,2007-11-02,C008,S004,Email,P007,41,37.0,0.03,1471.49,Completed,Legacy_Sales
ORD10082,2007-11-02,C026,S001,Email,P007,42,37.0,0.1,1398.6,Completed,Legacy_Sales
ORD10083,2007-11-05,C026,S002,Email,P003,8,61.0,0.05,463.6,Completed,Legacy_Sales
ORD10084,2007-11-06,C008,S001,Field,P005,13,28.0,0.05,345.8,Cancelled,Legacy_Sales
ORD10085,2007-11-06,C001,S003,Phone,P004,4,68.0,0,272.0,Cancelled,Legacy_Sales
ORD10086,2007-11-06,C005,S003,Field,P007,21,37.0,0.08,714.84,Completed,Legacy_Sales
ORD10087,2007-11-07,C028,S003,Email,P008,14,34.0,0.08,437.92,Completed,Legacy_Sales
ORD10088,2007-11-07,C025,S004,Field,P002,34,55.0,0.03,1813.9,Completed,Legacy_Sales
ORD10089,2007-11-07,C008,S005,Phone,P008,29,34.0,0,986.0,Completed,Legacy_Sales
ORD10090,2007-11-07,C013,S004,Phone,P002,21,55.0,0.05,1097.25,Completed,Legacy_Sales
ORD10091,2007-11-07,C011,S004,Email,P004,29,68.0,0,1972.0,Completed,Legacy_Sales
ORD10092,2007-11-08,C019,S001,Phone,P006,6,31.5,0.1,170.1,Completed,Legacy_Sales
ORD10093,2007-11-08,C009,S005,Phone,P003,21,61.0,0.03,1242.57,Completed,Legacy_Sales
ORD10094,2007-11-08,C016,S003,Phone,P004,19,68.0,0.03,1253.24,Completed,Legacy_Sales
ORD10095,2007-11-09,C020,S005,Phone,P004,8,68.0,0.03,527.68,Completed,Legacy_Sales
ORD10096,2007-11-09,C010,S005,Phone,P003,35,61.0,0,2135.0,Completed,Legacy_Sales
ORD10097,2007-11-09,C006,S002,Phone,P003,20,61.0,0,1220.0,Completed,Legacy_Sales
ORD10098,2007-11-09,C027,S003,Email,P008,10,34.0,0.1,306.0,Completed,Legacy_Sales
ORD10099,2007-11-09,C009,S004,Field,P006,41,31.5,0,1291.5,Completed,Legacy_Sales
ORD10100,2007-11-12,C014,S005,Phone,P003,8,61.0,0.08,448.96,Completed,Legacy_Sales
ORD10101,2007-11-12,C018,S005,Field,P005,10,28.0,0,280.0,Completed,Legacy_Sales
ORD10102,2007-11-12,C015,S004,Email,P001,43,42.5,0.03,1772.67,Cancelled,Legacy_Sales
ORD10103,2007-11-12,C013,S004,Phone,P007,12,37.0,0.1,399.6,Completed,Legacy_Sales
ORD10104,2007-11-12,C028,S002,Field,P002,38,55.0,0.03,2027.3,Completed,Legacy_Sales
ORD10105,2007-11-13,C002,S001,Email,P008,43,34.0,0,1462.0,Completed,Legacy_Sales
ORD10106,2007-11-14,C002,S001,Email,P004,7,68.0,0,476.0,Completed,Legacy_Sales
ORD10107,2007-11-14,C016,S005,Phone,P003,35,61.0,0,2135.0,Completed,Legacy_Sales
ORD10108,2007-11-14,C019,S004,Field,P002,20,55.0,0,1100.0,Completed,Legacy_Sales
ORD10109,2007-11-14,C014,S002,Email,P005,14,28.0,0.03,380.24,Completed,Legacy_Sales
ORD10110,2007-11-15,C013,S004,Phone,P003,39,61.0,0.08,2188.68,Completed,Legacy_Sales
ORD10111,2007-11-16,C019,S005,Field,P008,10,34.0,0.05,323.0,Completed,Legacy_Sales
ORD10112,2007-11-16,C014,S005,Phone,P008,33,34.0,0.05,1065.9,Completed,Legacy_Sales
ORD10113,2007-11-19,C003,S002,Email,P006,13,31.5,0,409.5,Completed,Legacy_Sales
ORD10114,2007-11-20,C010,S003,Phone,P003,9,61.0,0.05,521.55,Completed,Legacy_Sales
ORD10115,2007-11-20,C013,S001,Phone,P003,5,61.0,0.08,280.6,Returned,Legacy_Sales
ORD10116,2007-11-20,C011,S004,Phone,P004,29,68.0,0.03,1912.84,Completed,Legacy_Sales
ORD10117,2007-11-20,C026,S003,Phone,P002,36,55.0,0.03,1920.6,Completed,Legacy_Sales
ORD10118,2007-11-20,C026,S002,Field,P002,10,55.0,0.08,506.0,Completed,Legacy_Sales
ORD10119,2007-11-21,C019,S002,Phone,P003,10,61.0,0,610.0,Completed,Legacy_Sales
ORD10120,2007-11-21,C002,S003,Email,P007,39,37.0,0.08,1327.56,Completed,Legacy_Sales
ORD10121,2007-11-21,C023,S005,Phone,P008,14,34.0,0,476.0,Completed,Legacy_Sales
ORD10122,2007-11-21,C004,S005,Phone,P008,38,34.0,0.08,1188.64,Completed,Legacy_Sales
ORD10123,2007-11-21,C021,S004,Field,P001,32,42.5,0,1360.0,Completed,Legacy_Sales
ORD10124,2007-11-22,C026,S004,Phone,P007,43,37.0,0,1591.0,Completed,Legacy_Sales
ORD10125,2007-11-22,C008,S004,Phone,P002,43,55.0,0.05,2246.75,Completed,Legacy_Sales
ORD10126,2007-11-22,C023,S001,Field,P004,19,68.0,0.03,1253.24,Completed,Legacy_Sales
ORD10127,2007-11-22,C029,S003,Email,P008,8,34.0,0,272.0,Completed,Legacy_Sales
ORD10128,2007-11-22,C026,S003,Email,P002,30,55.0,0.05,1567.5,Completed,Legacy_Sales
ORD10129,2007-11-23,C013,S001,Email,P004,3,68.0,0.03,197.88,Completed,Legacy_Sales
ORD10130,2007-11-23,C005,S005,Phone,P004,10,68.0,0,680.0,Completed,Legacy_Sales
ORD10131,2007-11-26,C012,S002,Field,P005,38,28.0,0.03,1032.08,Completed,Legacy_Sales
ORD10132,2007-11-26,C019,S004,Phone,P004,45,68.0,0.05,2907.0,Completed,Legacy_Sales
ORD10133,2007-11-26,C029,S003,Field,P008,43,34.0,0.05,1388.9,Completed,Legacy_Sales
ORD10134,2007-11-26,C020,S001,Phone,P001,21,42.5,0,892.5,Cancelled,Legacy_Sales
ORD10135,2007-11-26,C018,S003,Field,P007,42,37.0,0.08,1429.68,Completed,Legacy_Sales
ORD10136,2007-11-27,C003,S005,Phone,P003,11,61.0,0,671.0,Completed,Legacy_Sales
ORD10137,2007-11-28,C014,S001,Phone,P006,38,31.5,0.05,1137.15,Completed,Legacy_Sales
ORD10138,2007-11-28,C007,S001,Field,P004,21,68.0,0.08,1313.76,Completed,Legacy_Sales
ORD10139,2007-11-28,C025,S002,Phone,P002,27,55.0,0,1485.0,Completed,Legacy_Sales
ORD10140,2007-11-28,C015,S003,Phone,P003,36,61.0,0.08,2020.32,Completed,Legacy_Sales
ORD10141,2007-11-29,C011,S005,Email,P006,13,31.5,0.03,397.21,Completed,Legacy_Sales
ORD10142,2007-11-29,C009,S005,Phone,P002,14,55.0,0.08,708.4,Completed,Legacy_Sales
ORD10143,2007-11-29,C005,S001,Email,P004,36,68.0,0,2448.0,Completed,Legacy_Sales
ORD10144,2007-11-30,C014,S001,Phone,P007,21,37.0,0.03,753.69,Completed,Legacy_Sales
ORD10145,2007-11-30,C023,S003,Phone,P004,26,68.0,0.1,1591.2,Completed,Legacy_Sales
ORD10146,2007-11-30,C023,S002,Phone,P003,35,61.0,0.1,1921.5,Completed,Legacy_Sales
ORD10147,2007-11-30,C019,S004,Field,P005,26,28.0,0,728.0,Completed,Legacy_Sales
ORD10148,2007-11-30,C030,S003,Phone,P004,30,68.0,0.08,1876.8,Completed,Legacy_Sales
ORD10149,2007-12-03,C011,S001,Field,P007,32,37.0,0.1,1065.6,Completed,Legacy_Sales
ORD10150,2007-12-03,C015,S005,Phone,P001,18,42.5,0,765.0,Completed,Legacy_Sales
ORD10151,2007-12-04,C019,S005,Phone,P007,37,37.0,0.08,1259.48,Completed,Legacy_Sales
ORD10152,2007-12-04,C018,S005,Phone,P008,39,34.0,0.1,1193.4,Completed,Legacy_Sales
ORD10153,2007-12-04,C020,S005,Phone,P005,24,28.0,0,672.0,Completed,Legacy_Sales
ORD10154,2007-12-04,C019,S005,Field,P003,26,61.0,0,1586.0,Completed,Legacy_Sales
ORD10155,2007-12-04,C006,S001,Phone,P006,27,31.5,0,850.5,Completed,Legacy_Sales
ORD10156,2007-12-05,C017,S004,Field,P003,33,61.0,0,2013.0,Completed,Legacy_Sales
ORD10157,2007-12-06,C025,S002,Phone,P005,39,28.0,0.05,1037.4,Completed,Legacy_Sales
ORD10158,2007-12-07,C007,S005,Phone,P001,17,42.5,0,722.5,Completed,Legacy_Sales
ORD10159,2007-12-07,C026,S004,Phone,P007,16,37.0,0.08,544.64,Completed,Legacy_Sales
ORD10160,2007-12-07,C008,S003,Phone,P004,39,68.0,0.1,2386.8,Completed,Legacy_Sales
ORD10161,2007-12-07,C011,S002,Phone,P006,37,31.5,0,1165.5,Completed,Legacy_Sales
ORD10162,2007-12-07,C021,S001,Field,P002,29,55.0,0.08,1467.4,Completed,Legacy_Sales
ORD10163,2007-12-10,C004,S001,Phone,P006,5,31.5,0.08,144.9,Returned,Legacy_Sales
ORD10164,2007-12-10,C009,S001,Phone,P006,18,31.5,0.08,521.64,Completed,Legacy_Sales
ORD10165,2007-12-11,C027,S005,Phone,P003,14,61.0,0,854.0,Completed,Legacy_Sales
ORD10166,2007-12-11,C002,S002,Field,P004,29,68.0,0.1,1774.8,Completed,Legacy_Sales
ORD10167,2007-12-12,C011,S001,Email,P006,11,31.5,0.03,336.11,Completed,Legacy_Sales
ORD10168,2007-12-12,C018,S004,Phone,P001,12,42.5,0.1,459.0,Completed,Legacy_Sales
ORD10169,2007-12-12,C017,S001,Phone,P003,9,61.0,0.08,505.08,Completed,Legacy_Sales
ORD10170,2007-12-13,C010,S005,Phone,P007,26,37.0,0.03,933.14,Completed,Legacy_Sales
ORD10171,2007-12-13,C028,S001,Field,P005,4,28.0,0,112.0,Completed,Legacy_Sales
ORD10172,2007-12-13,C008,S003,Phone,P003,27,61.0,0,1647.0,Completed,Legacy_Sales
ORD10173,2007-12-14,C026,S001,Email,P002,8,55.0,0.05,418.0,Completed,Legacy_Sales
ORD10174,2007-12-14,C011,S005,Email,P007,16,37.0,0.05,562.4,Completed,Legacy_Sales
ORD10175,2007-12-14,C009,S003,Email,P003,19,61.0,0,1159.0,Completed,Legacy_Sales
ORD10176,2007-12-14,C030,S003,Phone,P001,33,42.5,0.03,1360.42,Completed,Legacy_Sales
ORD10177,2007-12-14,C019,S001,Phone,P006,21,31.5,0,661.5,Completed,Legacy_Sales
ORD10178,2007-12-17,C016,S005,Phone,P006,6,31.5,0.08,173.88,Completed,Legacy_Sales
ORD10179,2007-12-17,C013,S001,Phone,P001,38,42.5,0.03,1566.55,Completed,Legacy_Sales
ORD10180,2007-12-17,C014,S002,Phone,P008,18,34.0,0.1,550.8,Completed,Legacy_Sales
ORD10181,2007-12-17,C018,S001,Email,P007,18,37.0,0.08,612.72,Completed,Legacy_Sales
ORD10182,2007-12-18,C017,S005,Phone,P001,40,42.5,0,1700.0,Completed,Legacy_Sales
ORD10183,2007-12-18,C027,S001,Email,P003,37,61.0,0,2257.0,Completed,Legacy_Sales
ORD10184,2007-12-18,C016,S005,Phone,P004,29,68.0,0.03,1912.84,Completed,Legacy_Sales
ORD10185,2007-12-18,C007,S002,Phone,P008,45,34.0,0,1530.0,Completed,Legacy_Sales
ORD10186,2007-12-19,C016,S001,Phone,P006,27,31.5,0,850.5,Completed,Legacy_Sales
ORD10187,2007-12-19,C006,S005,Phone,P008,27,34.0,0.08,844.56,Completed,Legacy_Sales
ORD10188,2007-12-19,C016,S001,Field,P006,45,31.5,0.1,1275.75,Completed,Legacy_Sales
ORD10189,2007-12-19,C012,S003,Phone,P005,11,28.0,0,308.0,Completed,Legacy_Sales
ORD10190,2007-12-19,C030,S004,Phone,P005,25,28.0,0,700.0,Completed,Legacy_Sales
ORD10191,2007-12-20,C021,S004,Email,P004,20,68.0,0.08,1251.2,Completed,Legacy_Sales
ORD10192,2007-12-20,C009,S005,Phone,P003,21,61.0,0.1,1152.9,Completed,Legacy_Sales
ORD10193,2007-12-20,C029,S004,Email,P007,6,37.0,0.1,199.8,Completed,Legacy_Sales
ORD10194,2007-12-20,C021,S003,Field,P003,27,61.0,0.03,1597.59,Completed,Legacy_Sales
ORD10195,2007-12-21,C004,S003,Phone,P002,26,55.0,0,1430.0,Completed,Legacy_Sales
ORD10196,2007-12-21,C009,S004,Email,P006,42,31.5,0,1323.0,Completed,Legacy_Sales
ORD10197,2007-12-24,C015,S004,Phone,P005,26,28.0,0,728.0,Completed,Legacy_Sales
ORD10198,2007-12-24,C018,S002,Phone,P001,10,42.5,0,425.0,Completed,Legacy_Sales
ORD10199,2007-12-24,C027,S003,Phone,P005,21,28.0,0.03,570.36,Completed,Legacy_Sales
ORD10200,2007-12-25,C001,S002,Phone,P002,42,55.0,0.03,2240.7,Completed,Legacy_Sales
ORD10201,2007-12-25,C020,S002,Phone,P007,34,37.0,0.08,1157.36,Completed,Legacy_Sales
ORD10202,2007-12-25,C023,S001,Phone,P007,41,37.0,0.03,1471.49,Returned,Legacy_Sales
ORD10203,2007-12-26,C011,S003,Phone,P003,28,61.0,0,1708.0,Completed,Legacy_Sales
ORD10204,2007-12-26,C005,S005,Phone,P001,32,42.5,0.03,1319.2,Completed,Legacy_Sales
ORD10205,2007-12-26,C013,S001,Field,P007,32,37.0,0.03,1148.48,Completed,Legacy_Sales
ORD10206,2007-12-26,C009,S004,Email,P001,38,42.5,0,1615.0,Completed,Legacy_Sales
ORD10207,2007-12-26,C012,S001,Phone,P008,19,34.0,0.03,626.62,Completed,Legacy_Sales
ORD10208,2007-12-27,C017,S004,Field,P001,23,42.5,0,977.5,Cancelled,Legacy_Sales
ORD10209,2007-12-27,C005,S001,Phone,P007,38,37.0,0,1406.0,Completed,Legacy_Sales
ORD10210,2007-12-27,C025,S005,Field,P006,22,31.5,0,693.0,Completed,Legacy_Sales
ORD10211,2007-12-28,C027,S003,Phone,P007,43,37.0,0,1591.0,Completed,Legacy_Sales
ORD10212,2007-12-28,C001,S004,Phone,P004,20,68.0,0,1360.0,Returned,Legacy_Sales
ORD10213,2007-12-28,C025,S004,Phone,P005,5,28.0,0,140.0,Completed,Legacy_Sales
ORD10214,2007-12-28,C012,S004,Email,P004,37,68.0,0,2516.0,Completed,Legacy_Sales
ORD10215,2007-12-31,C015,S002,Phone,P003,20,61.0,0.05,1159.0,Completed,Legacy_Sales
ORD10216,2008-01-01,C018,S005,Phone,P001,18,42.5,0,765.0,Completed,Legacy_Sales
ORD10217,2008-01-01,C006,S001,Email,P003,34,61.0,0,2074.0,Completed,Legacy_Sales
ORD10218,2008-01-01,C010,S005,Field,P002,4,55.0,0,220.0,Completed,Legacy_Sales
ORD10219,2008-01-01,C010,S002,Field,P002,39,55.0,0,2145.0,Completed,Legacy_Sales
ORD10220,2008-01-01,C009,S002,Phone,P006,30,31.5,0,945.0,Completed,Legacy_Sales
ORD10221,2008-01-02,C005,S002,Email,P002,20,55.0,0.05,1045.0,Completed,Legacy_Sales
ORD10222,2008-01-02,C002,S002,Email,P004,13,68.0,0.08,813.28,Completed,Legacy_Sales
ORD10223,2008-01-02,C008,S004,Email,P005,34,28.0,0.05,904.4,Completed,Legacy_Sales
ORD10224,2008-01-02,C018,S005,Field,P008,30,34.0,0.03,989.4,Completed,Legacy_Sales
ORD10225,2008-01-03,C006,S002,Phone,P002,34,55.0,0,1870.0,Completed,Legacy_Sales
ORD10226,2008-01-03,C029,S002,Field,P008,9,34.0,0,306.0,Completed,Legacy_Sales
ORD10227,2008-01-03,C009,S004,Phone,P007,36,37.0,0,1332.0,Completed,Legacy_Sales
ORD10228,2008-01-03,C030,S001,Email,P008,40,34.0,0.03,1319.2,Completed,Legacy_Sales
ORD10229,2008-01-04,C001,S002,Email,P008,42,34.0,0,1428.0,Completed,Legacy_Sales
ORD10230,2008-01-04,C013,S004,Phone,P005,16,28.0,0.03,434.56,Completed,Legacy_Sales
ORD10231,2008-01-04,C003,S003,Phone,P007,42,37.0,0.05,1476.3,Completed,Legacy_Sales
ORD10232,2008-01-04,C011,S004,Phone,P002,14,55.0,0,770.0,Completed,Legacy_Sales
ORD10233,2008-01-04,C025,S001,Phone,P002,22,55.0,0,1210.0,Completed,Legacy_Sales
ORD10234,2008-01-07,C009,S001,Phone,P006,20,31.5,0.08,579.6,Completed,Legacy_Sales
ORD10235,2008-01-07,C025,S005,Field,P005,32,28.0,0.05,851.2,Completed,Legacy_Sales
ORD10236,2008-01-07,C021,S002,Field,P008,29,34.0,0.05,936.7,Completed,Legacy_Sales
ORD10237,2008-01-07,C001,S001,Phone,P006,42,31.5,0.08,1217.16,Completed,Legacy_Sales
ORD10238,2008-01-07,C007,S005,Email,P006,6,31.5,0,189.0,Completed,Legacy_Sales
ORD10239,2008-01-08,C007,S003,Field,P007,7,37.0,0.08,238.28,Completed,Legacy_Sales
ORD10240,2008-01-08,C022,S005,Phone,P001,3,42.5,0.08,117.3,Completed,Legacy_Sales
ORD10241,2008-01-09,C009,S004,Phone,P003,4,61.0,0.08,224.48,Completed,Legacy_Sales
ORD10242,2008-01-09,C008,S005,Email,P003,10,61.0,0,610.0,Completed,Legacy_Sales
ORD10243,2008-01-09,C020,S003,Phone,P005,7,28.0,0.08,180.32,Completed,Legacy_Sales
ORD10244,2008-01-09,C012,S003,Phone,P003,41,61.0,0.03,2425.97,Completed,Legacy_Sales
ORD10245,2008-01-10,C030,S002,Phone,P002,3,55.0,0,165.0,Cancelled,Legacy_Sales
ORD10246,2008-01-10,C004,S004,Email,P002,3,55.0,0.1,148.5,Completed,Legacy_Sales
ORD10247,2008-01-10,C002,S001,Email,P006,35,31.5,0.03,1069.42,Completed,Legacy_Sales
ORD10248,2008-01-10,C020,S002,Phone,P001,12,42.5,0.1,459.0,Completed,Legacy_Sales
ORD10249,2008-01-10,C014,S005,Email,P008,15,34.0,0.05,484.5,Completed,Legacy_Sales
ORD10250,2008-01-11,C006,S003,Email,P008,26,34.0,0,884.0,Completed,Legacy_Sales
ORD10251,2008-01-14,C001,S002,Phone,P001,30,42.5,0,1275.0,Completed,Legacy_Sales
ORD10252,2008-01-15,C026,S001,Phone,P004,44,68.0,0.03,2902.24,Completed,Legacy_Sales
ORD10253,2008-01-15,C003,S002,Email,P003,13,61.0,0.05,753.35,Completed,Legacy_Sales
ORD10254,2008-01-16,C023,S004,Phone,P007,16,37.0,0,592.0,Completed,Legacy_Sales
ORD10255,2008-01-16,C027,S005,Phone,P003,15,61.0,0.05,869.25,Completed,Legacy_Sales
ORD10256,2008-01-16,C026,S001,Phone,P006,38,31.5,0.03,1161.09,Completed,Legacy_Sales
ORD10257,2008-01-16,C013,S004,Field,P008,27,34.0,0.1,826.2,Completed,Legacy_Sales
ORD10258,2008-01-17,C019,S002,Email,P008,42,34.0,0,1428.0,Completed,Legacy_Sales
ORD10259,2008-01-17,C013,S001,Field,P006,34,31.5,0,1071.0,Completed,Legacy_Sales
ORD10260,2008-01-18,C014,S004,Field,P002,14,55.0,0.1,693.0,Completed,Legacy_Sales
ORD10261,2008-01-18,C017,S002,Phone,P008,4,34.0,0.1,122.4,Completed,Legacy_Sales
ORD10262,2008-01-18,C013,S005,Phone,P008,21,34.0,0.1,642.6,Completed,Legacy_Sales
ORD10263,2008-01-18,C007,S004,Phone,P008,30,34.0,0,1020.0,Completed,Legacy_Sales
ORD10264,2008-01-18,C029,S004,Phone,P007,28,37.0,0.03,1004.92,Completed,Legacy_Sales
ORD10265,2008-01-21,C005,S002,Phone,P002,29,55.0,0.1,1435.5,Completed,Legacy_Sales
ORD10266,2008-01-21,C024,S002,Phone,P007,40,37.0,0,1480.0,Completed,Legacy_Sales
ORD10267,2008-01-22,C004,S002,Phone,P001,11,42.5,0.03,453.47,Completed,Legacy_Sales
ORD10268,2008-01-22,C008,S005,Phone,P003,11,61.0,0,671.0,Completed,Legacy_Sales
ORD10269,2008-01-22,C025,S005,Phone,P006,21,31.5,0.03,641.65,Completed,Legacy_Sales
ORD10270,2008-01-23,C012,S003,Phone,P002,37,55.0,0.05,1933.25,Completed,Legacy_Sales
ORD10271,2008-01-24,C023,S002,Field,P005,45,28.0,0,1260.0,Completed,Legacy_Sales
ORD10272,2008-01-24,C002,S001,Field,P004,22,68.0,0,1496.0,Completed,Legacy_Sales
ORD10273,2008-01-24,C030,S004,Field,P002,35,55.0,0.05,1828.75,Completed,Legacy_Sales
ORD10274,2008-01-25,C010,S004,Phone,P004,11,68.0,0.03,725.56,Completed,Legacy_Sales
ORD10275,2008-01-25,C023,S001,Phone,P005,27,28.0,0,756.0,Completed,Legacy_Sales
ORD10276,2008-01-25,C002,S005,Phone,P007,31,37.0,0.03,1112.59,Completed,Legacy_Sales
ORD10277,2008-01-25,C018,S003,Phone,P008,20,34.0,0,680.0,Completed,Legacy_Sales
ORD10278,2008-01-25,C010,S002,Phone,P001,37,42.5,0,1572.5,Completed,Legacy_Sales
ORD10279,2008-01-28,C003,S002,Phone,P004,40,68.0,0.05,2584.0,Completed,Legacy_Sales
ORD10280,2008-01-28,C010,S002,Phone,P001,11,42.5,0,467.5,Completed,Legacy_Sales
ORD10281,2008-01-28,C017,S002,Email,P006,29,31.5,0.05,867.82,Completed,Legacy_Sales
ORD10282,2008-01-28,C014,S005,Email,P002,27,55.0,0,1485.0,Completed,Legacy_Sales
ORD10283,2008-01-28,C015,S003,Phone,P008,9,34.0,0,306.0,Returned,Legacy_Sales
ORD10284,2008-01-29,C016,S005,Field,P005,43,28.0,0,1204.0,Completed,Legacy_Sales
ORD10285,2008-01-29,C024,S004,Phone,P002,43,55.0,0,2365.0,Completed,Legacy_Sales
ORD10286,2008-01-29,C028,S002,Phone,P008,43,34.0,0.1,1315.8,Completed,Legacy_Sales
ORD10287,2008-01-29,C007,S003,Email,P008,45,34.0,0.1,1377.0,Completed,Legacy_Sales
ORD10288,2008-01-30,C026,S004,Phone,P008,8,34.0,0,272.0,Completed,Legacy_Sales
ORD10289,2008-01-30,C027,S004,Phone,P006,42,31.5,0,1323.0,Completed,Legacy_Sales
ORD10290,2008-01-30,C025,S003,Field,P005,44,28.0,0.08,1133.44,Completed,Legacy_Sales
ORD10291,2008-01-30,C002,S005,Phone,P002,9,55.0,0.03,480.15,Completed,Legacy_Sales
ORD10292,2008-01-31,C015,S003,Phone,P005,30,28.0,0.1,756.0,Completed,Legacy_Sales
ORD10293,2008-01-31,C022,S003,Field,P005,33,28.0,0,924.0,Completed,Legacy_Sales
ORD10294,2008-01-31,C030,S004,Phone,P002,22,55.0,0.1,1089.0,Completed,Legacy_Sales
ORD10295,2008-02-01,C009,S004,Field,P005,37,28.0,0,1036.0,Completed,Legacy_Sales
ORD10296,2008-02-01,C021,S002,Phone,P001,14,42.5,0.1,535.5,Completed,Legacy_Sales
ORD10297,2008-02-01,C030,S001,Phone,P001,28,42.5,0.08,1094.8,Completed,Legacy_Sales
ORD10298,2008-02-04,C012,S003,Field,P001,7,42.5,0.03,288.57,Completed,Legacy_Sales
ORD10299,2008-02-04,C024,S001,Phone,P005,23,28.0,0.1,579.6,Completed,Legacy_Sales
ORD10300,2008-02-04,C017,S003,Phone,P005,18,28.0,0.05,478.8,Completed,Legacy_Sales
ORD10301,2008-02-04,C025,S001,Phone,P005,11,28.0,0.03,298.76,Completed,Legacy_Sales
ORD10302,2008-02-05,C014,S001,Phone,P003,26,61.0,0.03,1538.42,Completed,Legacy_Sales
ORD10303,2008-02-05,C019,S002,Phone,P002,18,55.0,0.05,940.5,Completed,Legacy_Sales
ORD10304,2008-02-06,C001,S004,Phone,P003,28,61.0,0,1708.0,Returned,Legacy_Sales
ORD10305,2008-02-07,C011,S005,Phone,P002,36,55.0,0.08,1821.6,Completed,Legacy_Sales
ORD10306,2008-02-07,C009,S003,Phone,P001,45,42.5,0.08,1759.5,Completed,Legacy_Sales
ORD10307,2008-02-07,C001,S001,Phone,P005,24,28.0,0.08,618.24,Completed,Legacy_Sales
ORD10308,2008-02-07,C029,S003,Field,P006,5,31.5,0.08,144.9,Completed,Legacy_Sales
ORD10309,2008-02-08,C011,S001,Phone,P003,40,61.0,0.05,2318.0,Completed,Legacy_Sales
ORD10310,2008-02-08,C017,S002,Field,P005,10,28.0,0,280.0,Completed,Legacy_Sales
ORD10311,2008-02-11,C009,S003,Email,P008,38,34.0,0,1292.0,Completed,Legacy_Sales
ORD10312,2008-02-12,C005,S002,Email,P006,3,31.5,0,94.5,Completed,Legacy_Sales
ORD10313,2008-02-13,C013,S001,Email,P004,4,68.0,0.05,258.4,Completed,Legacy_Sales
ORD10314,2008-02-13,C019,S001,Phone,P007,25,37.0,0,925.0,Completed,Legacy_Sales
ORD10315,2008-02-13,C018,S004,Field,P008,42,34.0,0.1,1285.2,Completed,Legacy_Sales
ORD10316,2008-02-13,C006,S003,Field,P003,39,61.0,0.08,2188.68,Completed,Legacy_Sales
ORD10317,2008-02-14,C016,S004,Phone,P004,4,68.0,0.08,250.24,Completed,Legacy_Sales
ORD10318,2008-02-14,C005,S003,Phone,P002,21,55.0,0.03,1120.35,Completed,Legacy_Sales
ORD10319,2008-02-14,C002,S005,Phone,P008,40,34.0,0.1,1224.0,Completed,Legacy_Sales
ORD10320,2008-02-14,C028,S003,Phone,P002,20,55.0,0,1100.0,Completed,Legacy_Sales
ORD10321,2008-02-15,C002,S004,Phone,P005,15,28.0,0.1,378.0,Completed,Legacy_Sales
ORD10322,2008-02-15,C013,S003,Field,P008,35,34.0,0,1190.0,Completed,Legacy_Sales
ORD10323,2008-02-18,C002,S003,Phone,P008,40,34.0,0.08,1251.2,Completed,Legacy_Sales
ORD10324,2008-02-18,C012,S003,Email,P005,20,28.0,0,560.0,Completed,Legacy_Sales
ORD10325,2008-02-18,C018,S004,Email,P006,12,31.5,0.05,359.1,Completed,Legacy_Sales
ORD10326,2008-02-18,C028,S003,Phone,P008,37,34.0,0,1258.0,Completed,Legacy_Sales
ORD10327,2008-02-19,C022,S003,Phone,P003,27,61.0,0.1,1482.3,Completed,Legacy_Sales
ORD10328,2008-02-19,C007,S004,Field,P002,45,55.0,0,2475.0,Completed,Legacy_Sales
ORD10329,2008-02-20,C015,S001,Phone,P001,15,42.5,0,637.5,Completed,Legacy_Sales
ORD10330,2008-02-20,C013,S001,Phone,P004,37,68.0,0,2516.0,Completed,Legacy_Sales
ORD10331,2008-02-21,C005,S005,Field,P005,11,28.0,0,308.0,Completed,Legacy_Sales
ORD10332,2008-02-22,C022,S003,Email,P007,27,37.0,0,999.0,Completed,Legacy_Sales
ORD10333,2008-02-25,C012,S005,Phone,P008,3,34.0,0,102.0,Completed,Legacy_Sales
ORD10334,2008-02-25,C017,S001,Phone,P008,27,34.0,0,918.0,Completed,Legacy_Sales
ORD10335,2008-02-25,C016,S005,Phone,P001,12,42.5,0.1,459.0,Completed,Legacy_Sales
ORD10336,2008-02-26,C014,S002,Field,P007,18,37.0,0.1,599.4,Completed,Legacy_Sales
ORD10337,2008-02-26,C013,S002,Field,P003,3,61.0,0,183.0,Completed,Legacy_Sales
ORD10338,2008-02-26,C014,S001,Email,P002,40,55.0,0.05,2090.0,Completed,Legacy_Sales
ORD10339,2008-02-26,C023,S004,Field,P006,6,31.5,0,189.0,Completed,Legacy_Sales
ORD10340,2008-02-27,C017,S003,Email,P002,9,55.0,0.08,455.4,Completed,Legacy_Sales
ORD10341,2008-02-27,C010,S001,Field,P006,9,31.5,0,283.5,Completed,Legacy_Sales
ORD10342,2008-02-27,C026,S002,Phone,P004,32,68.0,0,2176.0,Returned,Legacy_Sales
ORD10343,2008-02-27,C009,S003,Field,P002,22,55.0,0.1,1089.0,Completed,Legacy_Sales
ORD10344,2008-02-28,C030,S004,Phone,P006,9,31.5,0.03,275.0,Completed,Legacy_Sales
ORD10345,2008-02-28,C001,S001,Field,P004,21,68.0,0.1,1285.2,Completed,Legacy_Sales
ORD10346,2008-02-28,C006,S004,Phone,P003,26,61.0,0.08,1459.12,Completed,Legacy_Sales
ORD10347,2008-02-28,C021,S003,Phone,P004,44,68.0,0,2992.0,Completed,Legacy_Sales
ORD10348,2008-02-28,C019,S005,Phone,P002,13,55.0,0.1,643.5,Completed,Legacy_Sales
ORD10349,2008-02-29,C011,S001,Phone,P005,23,28.0,0,644.0,Completed,Legacy_Sales
ORD10350,2008-02-29,C006,S004,Field,P003,27,61.0,0.03,1597.59,Completed,Legacy_Sales
ORD10351,2008-02-29,C015,S004,Email,P005,26,28.0,0.05,691.6,Completed,Legacy_Sales
ORD10352,2008-02-29,C030,S001,Phone,P005,41,28.0,0.05,1090.6,Completed,Legacy_Sales
ORD10353,2008-02-29,C022,S005,Phone,P008,24,34.0,0,816.0,Completed,Legacy_Sales
ORD10354,2008-03-03,C004,S002,Field,P006,41,31.5,0.05,1226.92,Completed,Legacy_Sales
ORD10355,2008-03-03,C009,S003,Phone,P003,4,61.0,0,244.0,Completed,Legacy_Sales
ORD10356,2008-03-03,C022,S003,Phone,P007,15,37.0,0,555.0,Completed,Legacy_Sales
ORD10357,2008-03-03,C004,S003,Email,P006,33,31.5,0.1,935.55,Completed,Legacy_Sales
ORD10358,2008-03-04,C007,S003,Email,P008,26,34.0,0.03,857.48,Completed,Legacy_Sales
ORD10359,2008-03-04,C016,S004,Field,P008,23,34.0,0,782.0,Completed,Legacy_Sales
ORD10360,2008-03-04,C028,S002,Email,P007,37,37.0,0.03,1327.93,Completed,Legacy_Sales
ORD10361,2008-03-04,C002,S001,Field,P001,21,42.5,0,892.5,Completed,Legacy_Sales
ORD10362,2008-03-04,C021,S003,Phone,P002,39,55.0,0,2145.0,Completed,Legacy_Sales
ORD10363,2008-03-05,C020,S001,Phone,P006,18,31.5,0.03,549.99,Completed,Legacy_Sales
ORD10364,2008-03-06,C018,S005,Phone,P005,20,28.0,0.03,543.2,Completed,Legacy_Sales
ORD10365,2008-03-06,C017,S003,Phone,P005,34,28.0,0,952.0,Completed,Legacy_Sales
ORD10366,2008-03-07,C019,S005,Phone,P005,31,28.0,0,868.0,Completed,Legacy_Sales
ORD10367,2008-03-07,C028,S005,Field,P008,11,34.0,0.08,344.08,Completed,Legacy_Sales
ORD10368,2008-03-10,C025,S005,Phone,P004,7,68.0,0.1,428.4,Completed,Legacy_Sales
ORD10369,2008-03-11,C029,S005,Phone,P004,21,68.0,0,1428.0,Completed,Legacy_Sales
ORD10370,2008-03-12,C005,S001,Email,P008,35,34.0,0.1,1071.0,Completed,Legacy_Sales
ORD10371,2008-03-12,C003,S003,Phone,P006,11,31.5,0,346.5,Completed,Legacy_Sales
ORD10372,2008-03-12,C002,S001,Field,P007,3,37.0,0,111.0,Completed,Legacy_Sales
ORD10373,2008-03-12,C007,S001,Field,P002,39,55.0,0.1,1930.5,Completed,Legacy_Sales
ORD10374,2008-03-13,C006,S004,Phone,P008,39,34.0,0,1326.0,Completed,Legacy_Sales
ORD10375,2008-03-13,C023,S002,Email,P005,25,28.0,0.1,630.0,Completed,Legacy_Sales
ORD10376,2008-03-14,C009,S005,Email,P005,39,28.0,0,1092.0,Completed,Legacy_Sales
ORD10377,2008-03-14,C003,S001,Phone,P002,14,55.0,0.05,731.5,Completed,Legacy_Sales
ORD10378,2008-03-14,C007,S004,Phone,P001,19,42.5,0,807.5,Completed,Legacy_Sales
ORD10379,2008-03-17,C025,S002,Phone,P006,3,31.5,0.08,86.94,Completed,Legacy_Sales
ORD10380,2008-03-17,C019,S001,Field,P007,9,37.0,0,333.0,Completed,Legacy_Sales
ORD10381,2008-03-18,C025,S002,Email,P006,16,31.5,0,504.0,Completed,Legacy_Sales
ORD10382,2008-03-18,C022,S001,Email,P001,37,42.5,0.03,1525.33,Completed,Legacy_Sales
ORD10383,2008-03-18,C003,S003,Phone,P003,34,61.0,0.1,1866.6,Completed,Legacy_Sales
ORD10384,2008-03-18,C013,S004,Field,P006,33,31.5,0,1039.5,Completed,Legacy_Sales
ORD10385,2008-03-19,C020,S004,Phone,P008,12,34.0,0,408.0,Completed,Legacy_Sales
ORD10386,2008-03-19,C005,S002,Phone,P004,42,68.0,0,2856.0,Completed,Legacy_Sales
ORD10387,2008-03-20,C001,S001,Phone,P001,4,42.5,0.1,153.0,Completed,Legacy_Sales
ORD10388,2008-03-20,C002,S002,Phone,P006,18,31.5,0.05,538.65,Completed,Legacy_Sales
ORD10389,2008-03-20,C020,S002,Phone,P005,23,28.0,0.08,592.48,Completed,Legacy_Sales
ORD10390,2008-03-20,C022,S002,Email,P007,19,37.0,0,703.0,Completed,Legacy_Sales
ORD10391,2008-03-20,C018,S003,Phone,P004,30,68.0,0,2040.0,Completed,Legacy_Sales
ORD10392,2008-03-21,C004,S004,Phone,P002,13,55.0,0,715.0,Completed,Legacy_Sales
ORD10393,2008-03-21,C009,S001,Phone,P003,14,61.0,0,854.0,Completed,Legacy_Sales
ORD10394,2008-03-21,C009,S004,Phone,P004,42,68.0,0,2856.0,Completed,Legacy_Sales
ORD10395,2008-03-21,C005,S004,Phone,P007,25,37.0,0.1,832.5,Completed,Legacy_Sales
ORD10396,2008-03-24,C008,S001,Field,P001,21,42.5,0,892.5,Completed,Legacy_Sales
ORD10397,2008-03-24,C006,S001,Phone,P006,13,31.5,0,409.5,Completed,Legacy_Sales
ORD10398,2008-03-24,C020,S004,Phone,P006,34,31.5,0.05,1017.45,Completed,Legacy_Sales
ORD10399,2008-03-25,C004,S002,Phone,P008,15,34.0,0.03,494.7,Completed,Legacy_Sales
ORD10400,2008-03-25,C022,S003,Field,P003,16,61.0,0.1,878.4,Completed,Legacy_Sales
ORD10401,2008-03-26,C017,S002,Field,P006,42,31.5,0.05,1256.85,Completed,Legacy_Sales
ORD10402,2008-03-27,C020,S004,Email,P004,3,68.0,0.08,187.68,Completed,Legacy_Sales
ORD10403,2008-03-27,C002,S005,Phone,P006,23,31.5,0,724.5,Completed,Legacy_Sales
ORD10404,2008-03-28,C020,S003,Phone,P001,32,42.5,0.05,1292.0,Completed,Legacy_Sales
ORD10405,2008-03-28,C016,S003,Email,P005,9,28.0,0.05,239.4,Completed,Legacy_Sales
ORD10406,2008-03-31,C012,S001,Phone,P001,23,42.5,0,977.5,Completed,Legacy_Sales
ORD10407,2008-03-31,C030,S001,Phone,P001,24,42.5,0,1020.0,Completed,Legacy_Sales
ORD10408,2008-03-31,C020,S003,Phone,P004,9,68.0,0,612.0,Completed,Legacy_Sales
ORD10409,2008-04-01,C011,S004,Email,P005,6,28.0,0,168.0,Completed,Legacy_Sales
ORD10410,2008-04-01,C011,S002,Phone,P007,43,37.0,0,1591.0,Completed,Legacy_Sales
ORD10411,2008-04-01,C010,S004,Phone,P002,6,55.0,0.1,297.0,Completed,Legacy_Sales
ORD10412,2008-04-01,C030,S001,Email,P006,24,31.5,0.08,695.52,Completed,Legacy_Sales
ORD10413,2008-04-02,C002,S002,Phone,P007,38,37.0,0.1,1265.4,Completed,Legacy_Sales
ORD10414,2008-04-02,C016,S002,Email,P001,10,42.5,0,425.0,Cancelled,Legacy_Sales
ORD10415,2008-04-02,C028,S004,Field,P005,34,28.0,0.05,904.4,Returned,Legacy_Sales
ORD10416,2008-04-02,C022,S001,Phone,P007,5,37.0,0.08,170.2,Cancelled,Legacy_Sales
ORD10417,2008-04-02,C002,S004,Phone,P007,30,37.0,0.05,1054.5,Completed,Legacy_Sales
ORD10418,2008-04-03,C005,S004,Phone,P007,34,37.0,0,1258.0,Completed,Legacy_Sales
ORD10419,2008-04-03,C003,S005,Email,P005,20,28.0,0,560.0,Completed,Legacy_Sales
ORD10420,2008-04-03,C012,S004,Field,P005,43,28.0,0.08,1107.68,Completed,Legacy_Sales
ORD10421,2008-04-04,C028,S005,Email,P007,44,37.0,0.1,1465.2,Completed,Legacy_Sales
ORD10422,2008-04-04,C002,S003,Phone,P004,26,68.0,0,1768.0,Completed,Legacy_Sales
ORD10423,2008-04-04,C004,S002,Phone,P006,43,31.5,0.03,1313.87,Completed,Legacy_Sales
ORD10424,2008-04-04,C015,S005,Email,P008,3,34.0,0.05,96.9,Completed,Legacy_Sales
ORD10425,2008-04-07,C018,S003,Phone,P005,36,28.0,0.1,907.2,Completed,Legacy_Sales
ORD10426,2008-04-07,C009,S001,Phone,P001,11,42.5,0,467.5,Completed,Legacy_Sales
ORD10427,2008-04-08,C005,S002,Email,P004,28,68.0,0,1904.0,Completed,Legacy_Sales
ORD10428,2008-04-09,C021,S003,Phone,P003,33,61.0,0,2013.0,Completed,Legacy_Sales
ORD10429,2008-04-09,C030,S002,Email,P001,17,42.5,0.1,650.25,Completed,Legacy_Sales
ORD10430,2008-04-10,C011,S004,Phone,P005,36,28.0,0,1008.0,Completed,Legacy_Sales
ORD10431,2008-04-11,C023,S001,Field,P003,32,61.0,0,1952.0,Completed,Legacy_Sales
ORD10432,2008-04-11,C025,S002,Phone,P007,32,37.0,0.08,1089.28,Completed,Legacy_Sales
ORD10433,2008-04-14,C018,S003,Phone,P006,11,31.5,0,346.5,Completed,Legacy_Sales
ORD10434,2008-04-14,C029,S001,Phone,P003,42,61.0,0,2562.0,Completed,Legacy_Sales
ORD10435,2008-04-14,C012,S005,Field,P008,19,34.0,0.05,613.7,Completed,Legacy_Sales
ORD10436,2008-04-14,C025,S001,Phone,P008,21,34.0,0,714.0,Completed,Legacy_Sales
ORD10437,2008-04-14,C024,S005,Phone,P006,34,31.5,0,1071.0,Completed,Legacy_Sales
ORD10438,2008-04-15,C008,S004,Phone,P004,4,68.0,0.03,263.84,Completed,Legacy_Sales
ORD10439,2008-04-15,C002,S001,Phone,P003,8,61.0,0.08,448.96,Completed,Legacy_Sales
ORD10440,2008-04-15,C019,S002,Phone,P007,4,37.0,0,148.0,Completed,Legacy_Sales
ORD10441,2008-04-16,C024,S005,Phone,P005,7,28.0,0.03,190.12,Completed,Legacy_Sales
ORD10442,2008-04-16,C018,S001,Phone,P003,29,61.0,0.1,1592.1,Completed,Legacy_Sales
ORD10443,2008-04-16,C017,S001,Phone,P006,45,31.5,0,1417.5,Completed,Legacy_Sales
ORD10444,2008-04-17,C025,S005,Email,P008,38,34.0,0.05,1227.4,Completed,Legacy_Sales
ORD10445,2008-04-17,C022,S004,Email,P005,36,28.0,0,1008.0,Completed,Legacy_Sales
ORD10446,2008-04-17,C016,S001,Phone,P007,33,37.0,0.1,1098.9,Completed,Legacy_Sales
ORD10447,2008-04-17,C027,S002,Field,P002,37,55.0,0,2035.0,Completed,Legacy_Sales
ORD10448,2008-04-17,C014,S003,Phone,P003,11,61.0,0.08,617.32,Completed,Legacy_Sales
ORD10449,2008-04-18,C007,S004,Phone,P002,37,55.0,0,2035.0,Completed,Legacy_Sales
ORD10450,2008-04-21,C003,S001,Phone,P008,10,34.0,0.03,329.8,Completed,Legacy_Sales
ORD10451,2008-04-21,C008,S001,Email,P004,3,68.0,0,204.0,Completed,Legacy_Sales
ORD10452,2008-04-21,C026,S002,Field,P001,16,42.5,0.08,625.6,Completed,Legacy_Sales
ORD10453,2008-04-21,C022,S005,Field,P001,42,42.5,0.03,1731.45,Cancelled,Legacy_Sales
ORD10454,2008-04-21,C004,S002,Phone,P002,39,55.0,0.03,2080.65,Completed,Legacy_Sales
ORD10455,2008-04-22,C004,S002,Field,P001,21,42.5,0,892.5,Completed,Legacy_Sales
ORD10456,2008-04-22,C003,S003,Phone,P001,26,42.5,0,1105.0,Completed,Legacy_Sales
ORD10457,2008-04-22,C017,S004,Field,P002,36,55.0,0.05,1881.0,Completed,Legacy_Sales
ORD10458,2008-04-23,C024,S005,Field,P007,20,37.0,0.1,666.0,Completed,Legacy_Sales
ORD10459,2008-04-24,C013,S004,Field,P007,36,37.0,0,1332.0,Completed,Legacy_Sales
ORD10460,2008-04-24,C030,S001,Field,P001,12,42.5,0.08,469.2,Completed,Legacy_Sales
ORD10461,2008-04-24,C019,S004,Phone,P005,16,28.0,0,448.0,Returned,Legacy_Sales
ORD10462,2008-04-24,C026,S002,Phone,P007,22,37.0,0.08,748.88,Completed,Legacy_Sales
ORD10463,2008-04-24,C013,S001,Email,P004,6,68.0,0,408.0,Completed,Legacy_Sales
ORD10464,2008-04-25,C006,S004,Phone,P003,39,61.0,0.1,2141.1,Completed,Legacy_Sales
ORD10465,2008-04-25,C016,S004,Email,P007,10,37.0,0,370.0,Completed,Legacy_Sales
ORD10466,2008-04-25,C023,S002,Phone,P003,32,61.0,0,1952.0,Completed,Legacy_Sales
ORD10467,2008-04-28,C023,S002,Phone,P001,25,42.5,0.1,956.25,Completed,Legacy_Sales
ORD10468,2008-04-28,C001,S003,Phone,P006,36,31.5,0,1134.0,Completed,Legacy_Sales
ORD10469,2008-04-28,C024,S003,Email,P008,20,34.0,0,680.0,Completed,Legacy_Sales
ORD10470,2008-04-28,C016,S002,Field,P001,25,42.5,0.1,956.25,Completed,Legacy_Sales
ORD10471,2008-04-29,C009,S002,Field,P006,44,31.5,0,1386.0,Completed,Legacy_Sales
ORD10472,2008-04-29,C023,S003,Phone,P007,10,37.0,0,370.0,Completed,Legacy_Sales
ORD10473,2008-04-30,C027,S005,Field,P005,23,28.0,0,644.0,Completed,Legacy_Sales
ORD10474,2008-04-30,C002,S005,Phone,P004,16,68.0,0.05,1033.6,Completed,Legacy_Sales
ORD10475,2008-05-01,C027,S004,Field,P004,41,68.0,0,2788.0,Completed,Legacy_Sales
ORD10476,2008-05-01,C030,S005,Field,P004,39,68.0,0.05,2519.4,Completed,Legacy_Sales
ORD10477,2008-05-01,C022,S001,Phone,P007,34,37.0,0.03,1220.26,Completed,Legacy_Sales
ORD10478,2008-05-01,C001,S005,Phone,P004,41,68.0,0,2788.0,Completed,Legacy_Sales
ORD10479,2008-05-02,C014,S003,Email,P005,13,28.0,0.1,327.6,Completed,Legacy_Sales
ORD10480,2008-05-02,C007,S004,Phone,P008,41,34.0,0.05,1324.3,Completed,Legacy_Sales
ORD10481,2008-05-02,C012,S002,Phone,P008,16,34.0,0,544.0,Completed,Legacy_Sales
ORD10482,2008-05-05,C014,S003,Phone,P002,25,55.0,0.08,1265.0,Completed,Legacy_Sales
ORD10483,2008-05-06,C007,S001,Phone,P008,41,34.0,0.08,1282.48,Completed,Legacy_Sales
ORD10484,2008-05-07,C010,S003,Phone,P002,10,55.0,0,550.0,Completed,Legacy_Sales
ORD10485,2008-05-07,C019,S005,Field,P007,26,37.0,0.08,885.04,Completed,Legacy_Sales
ORD10486,2008-05-07,C029,S002,Email,P002,4,55.0,0,220.0,Completed,Legacy_Sales
ORD10487,2008-05-07,C018,S003,Field,P008,4,34.0,0.03,131.92,Completed,Legacy_Sales
ORD10488,2008-05-08,C017,S004,Phone,P007,45,37.0,0.08,1531.8,Completed,Legacy_Sales
ORD10489,2008-05-08,C022,S005,Field,P003,22,61.0,0.05,1274.9,Completed,Legacy_Sales
ORD10490,2008-05-08,C005,S005,Phone,P007,11,37.0,0,407.0,Completed,Legacy_Sales
ORD10491,2008-05-08,C023,S003,Field,P005,13,28.0,0,364.0,Completed,Legacy_Sales
ORD10492,2008-05-09,C005,S003,Phone,P007,39,37.0,0.05,1370.85,Completed,Legacy_Sales
ORD10493,2008-05-09,C018,S002,Phone,P002,38,55.0,0,2090.0,Completed,Legacy_Sales
ORD10494,2008-05-09,C028,S005,Phone,P001,33,42.5,0,1402.5,Completed,Legacy_Sales
ORD10495,2008-05-09,C022,S002,Phone,P006,23,31.5,0.03,702.76,Completed,Legacy_Sales
ORD10496,2008-05-12,C028,S002,Email,P002,13,55.0,0.05,679.25,Completed,Legacy_Sales
ORD10497,2008-05-12,C009,S004,Phone,P003,16,61.0,0,976.0,Completed,Legacy_Sales
ORD10498,2008-05-12,C013,S003,Phone,P008,25,34.0,0.05,807.5,Completed,Legacy_Sales
ORD10499,2008-05-12,C009,S004,Phone,P002,26,55.0,0,1430.0,Completed,Legacy_Sales
ORD10500,2008-05-13,C017,S001,Phone,P001,23,42.5,0,977.5,Completed,Legacy_Sales
ORD10501,2008-05-13,C006,S002,Phone,P006,41,31.5,0.1,1162.35,Completed,Legacy_Sales
ORD10502,2008-05-13,C007,S002,Phone,P001,31,42.5,0.1,1185.75,Completed,Legacy_Sales
ORD10503,2008-05-13,C021,S004,Phone,P007,20,37.0,0,740.0,Completed,Legacy_Sales
ORD10504,2008-05-13,C013,S002,Phone,P001,41,42.5,0,1742.5,Completed,Legacy_Sales
ORD10505,2008-05-14,C028,S003,Phone,P008,33,34.0,0,1122.0,Completed,Legacy_Sales
ORD10506,2008-05-14,C028,S003,Phone,P001,45,42.5,0.05,1816.88,Completed,Legacy_Sales
ORD10507,2008-05-14,C016,S005,Email,P002,37,55.0,0.1,1831.5,Completed,Legacy_Sales
ORD10508,2008-05-14,C002,S003,Phone,P002,16,55.0,0.03,853.6,Returned,Legacy_Sales
ORD10509,2008-05-14,C012,S001,Phone,P003,24,61.0,0.05,1390.8,Cancelled,Legacy_Sales
ORD10510,2008-05-15,C005,S005,Field,P002,25,55.0,0,1375.0,Completed,Legacy_Sales
ORD10511,2008-05-15,C024,S003,Phone,P005,39,28.0,0.1,982.8,Completed,Legacy_Sales
ORD10512,2008-05-15,C024,S001,Phone,P007,30,37.0,0,1110.0,Completed,Legacy_Sales
WEB10513,2007-10-19,C023,,Website,P002,17,55.0,0,935.0,Completed,DMI
WEB10514,2007-10-20,C029,,Website,P002,3,55.0,0,165.0,Completed,DMI
WEB10515,2007-10-21,C022,,Website,P004,5,68.0,0,340.0,Completed,DMI
WEB10516,2007-10-21,C003,,Website,P007,20,37.0,0,740.0,Cancelled,DMI
WEB10517,2007-10-24,C031,,Website,P007,16,37.0,0,592.0,Completed,DMI
WEB10518,2007-10-25,C007,,Website,P005,17,28.0,0.05,452.2,Completed,DMI
WEB10519,2007-10-26,C019,,Website,P004,9,68.0,0.02,599.76,Completed,DMI
WEB10520,2007-10-26,C030,,Website,P004,12,68.0,0,816.0,Completed,DMI
WEB10521,2007-10-27,C004,,Website,P006,6,31.5,0.02,185.22,Completed,DMI
WEB10522,2007-10-27,C020,,Website,P005,20,28.0,0.02,548.8,Completed,DMI
WEB10523,2007-10-27,C030,,Website,P005,20,28.0,0,560.0,Completed,DMI
WEB10524,2007-10-29,C012,,Website,P008,15,34.0,0.02,499.8,Cancelled,DMI
WEB10525,2007-10-29,C012,,Website,P001,11,42.5,0,467.5,Completed,DMI
WEB10526,2007-10-29,C006,,Website,P007,19,37.0,0,703.0,Completed,DMI
WEB10527,2007-11-06,C012,,Website,P002,13,55.0,0,715.0,Completed,DMI
WEB10528,2007-11-06,C020,,Website,P006,11,31.5,0,346.5,Cancelled,DMI
WEB10529,2007-11-06,C012,,Website,P003,9,61.0,0,549.0,Returned,DMI
WEB10530,2007-11-08,C016,,Website,P004,13,68.0,0.02,866.32,Completed,DMI
WEB10531,2007-11-09,C015,,Website,P007,19,37.0,0.02,688.94,Completed,DMI
WEB10532,2007-11-10,C020,,Website,P002,25,55.0,0,1375.0,Completed,DMI
WEB10533,2007-11-10,C014,,Website,P006,13,31.5,0,409.5,Completed,DMI
WEB10534,2007-11-10,C001,,Website,P007,2,37.0,0.05,70.3,Cancelled,DMI
WEB10535,2007-11-11,C021,,Website,P001,22,42.5,0.02,916.3,Completed,DMI
WEB10536,2007-11-11,C021,,Website,P005,12,28.0,0.05,319.2,Completed,DMI
WEB10537,2007-11-11,C026,,Website,P004,20,68.0,0.05,1292.0,Completed,DMI
WEB10538,2007-11-12,C025,,Website,P003,21,61.0,0,1281.0,Completed,DMI
WEB10539,2007-11-12,C013,,Website,P006,11,31.5,0,346.5,Completed,DMI
WEB10540,2007-11-12,C018,,Website,P005,7,28.0,0.05,186.2,Completed,DMI
WEB10541,2007-11-13,C014,,Website,P007,19,37.0,0,703.0,Completed,DMI
WEB10542,2007-11-15,C006,,Website,P008,25,34.0,0,850.0,Completed,DMI
WEB10543,2007-11-15,C004,,Website,P001,18,42.5,0.05,726.75,Completed,DMI
WEB10544,2007-11-15,C011,,Website,P004,18,68.0,0,1224.0,Completed,DMI
WEB10545,2007-11-16,C009,,Website,P002,8,55.0,0,440.0,Completed,DMI
WEB10546,2007-11-17,C025,,Website,P003,6,61.0,0.02,358.68,Completed,DMI
WEB10547,2007-11-18,C021,,Website,P006,5,31.5,0,157.5,Completed,DMI
WEB10548,2007-11-18,C023,,Website,P003,11,61.0,0.02,657.58,Completed,DMI
WEB10549,2007-11-19,C013,,Website,P005,9,28.0,0,252.0,Completed,DMI
WEB10550,2007-11-19,C024,,Website,P005,24,28.0,0,672.0,Completed,DMI
WEB10551,2007-11-19,C018,,Website,P008,21,34.0,0,714.0,Completed,DMI
WEB10552,2007-11-23,C015,,Website,P005,16,28.0,0.02,439.04,Completed,DMI
WEB10553,2007-11-24,C022,,Website,P004,9,68.0,0.05,581.4,Returned,DMI
WEB10554,2007-11-25,C023,,Website,P002,4,55.0,0,220.0,Completed,DMI
WEB10555,2007-11-25,C015,,Website,P002,5,55.0,0,275.0,Completed,DMI
WEB10556,2007-11-25,C025,,Website,P004,24,68.0,0,1632.0,Completed,DMI
WEB10557,2007-11-28,C007,,Website,P003,23,61.0,0,1403.0,Completed,DMI
WEB10558,2007-11-29,C019,,Website,P007,11,37.0,0.02,398.86,Completed,DMI
WEB10559,2007-11-30,C030,,Website,P008,13,34.0,0.05,419.9,Completed,DMI
WEB10560,2007-11-30,C002,,Website,P007,13,37.0,0.05,456.95,Completed,DMI
WEB10561,2007-12-01,C016,,Website,P005,22,28.0,0.02,603.68,Cancelled,DMI
WEB10562,2007-12-01,C021,,Website,P008,22,34.0,0.02,733.04,Completed,DMI
WEB10563,2007-12-02,C011,,Website,P003,21,61.0,0.05,1216.95,Completed,DMI
WEB10564,2007-12-03,C025,,Website,P006,7,31.5,0,220.5,Completed,DMI
WEB10565,2007-12-03,C002,,Website,P006,8,31.5,0,252.0,Completed,DMI
WEB10566,2007-12-05,C005,,Website,P006,15,31.5,0,472.5,Completed,DMI
WEB10567,2007-12-05,C009,,Website,P008,7,34.0,0,238.0,Completed,DMI
WEB10568,2007-12-06,C013,,Website,P002,7,55.0,0,385.0,Completed,DMI
WEB10569,2007-12-10,C011,,Website,P008,15,34.0,0,510.0,Completed,DMI
WEB10570,2007-12-10,C017,,Website,P006,9,31.5,0,283.5,Cancelled,DMI
WEB10571,2007-12-10,C026,,Website,P005,15,28.0,0,420.0,Completed,DMI
WEB10572,2007-12-13,C022,,Website,P001,20,42.5,0.05,807.5,Completed,DMI
WEB10573,2007-12-13,C007,,Website,P006,4,31.5,0.02,123.48,Completed,DMI
WEB10574,2007-12-15,C031,,Website,P005,12,28.0,0,336.0,Completed,DMI
WEB10575,2007-12-15,C028,,Website,P001,12,42.5,0,510.0,Completed,DMI
WEB10576,2007-12-15,C013,,Website,P005,3,28.0,0,84.0,Completed,DMI
WEB10577,2007-12-16,C006,,Website,P005,23,28.0,0.02,631.12,Completed,DMI
WEB10578,2007-12-16,C003,,Website,P006,13,31.5,0,409.5,Completed,DMI
WEB10579,2007-12-16,C013,,Website,P008,25,34.0,0,850.0,Cancelled,DMI
WEB10580,2007-12-17,C028,,Website,P002,23,55.0,0,1265.0,Completed,DMI
WEB10581,2007-12-17,C018,,Website,P008,23,34.0,0.05,742.9,Completed,DMI
WEB10582,2007-12-17,C006,,Website,P003,24,61.0,0,1464.0,Completed,DMI
WEB10583,2007-12-18,C017,,Website,P006,3,31.5,0.02,92.61,Completed,DMI
WEB10584,2007-12-18,C001,,Website,P004,17,68.0,0.02,1132.88,Completed,DMI
WEB10585,2007-12-18,C009,,Website,P001,13,42.5,0,552.5,Completed,DMI
WEB10586,2007-12-20,C018,,Website,P006,18,31.5,0.02,555.66,Completed,DMI
WEB10587,2007-12-20,C023,,Website,P004,13,68.0,0.02,866.32,Completed,DMI
WEB10588,2007-12-21,C011,,Website,P006,16,31.5,0.05,478.8,Completed,DMI
WEB10589,2007-12-21,C010,,Website,P005,11,28.0,0,308.0,Returned,DMI
WEB10590,2007-12-24,C027,,Website,P005,5,28.0,0.05,133.0,Completed,DMI
WEB10591,2007-12-25,C028,,Website,P005,16,28.0,0.05,425.6,Completed,DMI
WEB10592,2007-12-27,C002,,Website,P003,5,61.0,0,305.0,Returned,DMI
WEB10593,2007-12-28,C001,,Website,P007,23,37.0,0.05,808.45,Completed,DMI
WEB10594,2007-12-28,C027,,Website,P008,11,34.0,0,374.0,Completed,DMI
WEB10595,2007-12-28,C016,,Website,P007,10,37.0,0,370.0,Completed,DMI
WEB10596,2007-12-29,C022,,Website,P005,20,28.0,0.05,532.0,Completed,DMI
WEB10597,2007-12-30,C005,,Website,P006,20,31.5,0.05,598.5,Cancelled,DMI
WEB10598,2007-12-30,C004,,Website,P002,11,55.0,0.02,592.9,Completed,DMI
WEB10599,2007-12-30,C010,,Website,P006,7,31.5,0,220.5,Completed,DMI
WEB10600,2008-01-01,C017,,Website,P001,16,42.5,0.05,646.0,Completed,DMI
WEB10601,2008-01-01,C022,,Website,P001,18,42.5,0.05,726.75,Completed,DMI
WEB10602,2008-01-01,C016,,Website,P002,3,55.0,0.05,156.75,Completed,DMI
WEB10603,2008-01-02,C020,,Website,P006,19,31.5,0.05,568.57,Returned,DMI
WEB10604,2008-01-02,C014,,Website,P006,16,31.5,0,504.0,Completed,DMI
WEB10605,2008-01-02,C022,,Website,P008,24,34.0,0.05,775.2,Completed,DMI
WEB10606,2008-01-03,C012,,Website,P001,1,42.5,0.02,41.65,Completed,DMI
WEB10607,2008-01-06,C002,,Website,P005,18,28.0,0,504.0,Completed,DMI
WEB10608,2008-01-06,C010,,Website,P007,14,37.0,0,518.0,Completed,DMI
WEB10609,2008-01-06,C023,,Website,P004,23,68.0,0.02,1532.72,Cancelled,DMI
WEB10610,2008-01-07,C025,,Website,P004,9,68.0,0.02,599.76,Completed,DMI
WEB10611,2008-01-07,C011,,Website,P003,9,61.0,0.02,538.02,Cancelled,DMI
WEB10612,2008-01-07,C003,,Website,P007,22,37.0,0.02,797.72,Completed,DMI
WEB10613,2008-01-08,C012,,Website,P008,9,34.0,0,306.0,Completed,DMI
WEB10614,2008-01-09,C001,,Website,P005,15,28.0,0,420.0,Completed,DMI
WEB10615,2008-01-10,C001,,Website,P004,18,68.0,0.05,1162.8,Completed,DMI
WEB10616,2008-01-10,C012,,Website,P006,21,31.5,0,661.5,Completed,DMI
WEB10617,2008-01-11,C030,,Website,P005,22,28.0,0.05,585.2,Cancelled,DMI
WEB10618,2008-01-11,C001,,Website,P001,19,42.5,0,807.5,Completed,DMI
WEB10619,2008-01-14,C005,,Website,P004,11,68.0,0,748.0,Completed,DMI
WEB10620,2008-01-17,C023,,Website,P005,2,28.0,0,56.0,Completed,DMI
WEB10621,2008-01-17,C006,,Website,P006,10,31.5,0,315.0,Returned,DMI
WEB10622,2008-01-18,C009,,Website,P006,12,31.5,0,378.0,Completed,DMI
WEB10623,2008-01-18,C018,,Website,P001,3,42.5,0.02,124.95,Completed,DMI
WEB10624,2008-01-19,C017,,Website,P008,8,34.0,0,272.0,Completed,DMI
WEB10625,2008-01-19,C008,,Website,P007,24,37.0,0.05,843.6,Completed,DMI
WEB10626,2008-01-19,C027,,Website,P005,9,28.0,0.05,239.4,Completed,DMI
WEB10627,2008-01-20,C003,,Website,P006,15,31.5,0,472.5,Completed,DMI
WEB10628,2008-01-20,C022,,Website,P005,5,28.0,0,140.0,Completed,DMI
WEB10629,2008-01-20,C010,,Website,P007,5,37.0,0,185.0,Cancelled,DMI
WEB10630,2008-01-21,C007,,Website,P002,9,55.0,0.05,470.25,Completed,DMI
WEB10631,2008-01-21,C001,,Website,P003,10,61.0,0,610.0,Completed,DMI
WEB10632,2008-01-21,C012,,Website,P005,3,28.0,0,84.0,Completed,DMI
WEB10633,2008-01-22,C003,,Website,P005,8,28.0,0.05,212.8,Completed,DMI
WEB10634,2008-01-23,C022,,Website,P007,11,37.0,0.05,386.65,Completed,DMI
WEB10635,2008-01-24,C029,,Website,P007,9,37.0,0,333.0,Completed,DMI
WEB10636,2008-01-24,C018,,Website,P006,19,31.5,0.02,586.53,Cancelled,DMI
WEB10637,2008-01-24,C025,,Website,P007,22,37.0,0.02,797.72,Returned,DMI
WEB10638,2008-01-25,C021,,Website,P007,15,37.0,0.05,527.25,Completed,DMI
WEB10639,2008-01-27,C007,,Website,P005,23,28.0,0,644.0,Completed,DMI
WEB10640,2008-01-27,C008,,Website,P007,8,37.0,0,296.0,Completed,DMI
WEB10641,2008-01-29,C031,,Website,P001,20,42.5,0.05,807.5,Completed,DMI
WEB10642,2008-01-29,C003,,Website,P003,20,61.0,0,1220.0,Completed,DMI
WEB10643,2008-01-29,C002,,Website,P007,7,37.0,0.05,246.05,Completed,DMI
WEB10644,2008-01-30,C003,,Website,P001,17,42.5,0.05,686.38,Completed,DMI
WEB10645,2008-01-30,C005,,Website,P006,21,31.5,0,661.5,Completed,DMI
WEB10646,2008-01-30,C004,,Website,P004,4,68.0,0.05,258.4,Returned,DMI
WEB10647,2008-01-31,C006,,Website,P004,14,68.0,0,952.0,Completed,DMI
WEB10648,2008-02-01,C013,,Website,P007,13,37.0,0.05,456.95,Completed,DMI
WEB10649,2008-02-01,C006,,Website,P008,9,34.0,0.05,290.7,Completed,DMI
WEB10650,2008-02-02,C010,,Website,P003,6,61.0,0.05,347.7,Completed,DMI
WEB10651,2008-02-02,C019,,Website,P003,19,61.0,0.05,1101.05,Completed,DMI
WEB10652,2008-02-02,C016,,Website,P004,18,68.0,0,1224.0,Completed,DMI
WEB10653,2008-02-04,C018,,Website,P005,22,28.0,0.05,585.2,Completed,DMI
WEB10654,2008-02-05,C013,,Website,P002,12,55.0,0.05,627.0,Completed,DMI
WEB10655,2008-02-06,C025,,Website,P005,24,28.0,0,672.0,Completed,DMI
WEB10656,2008-02-06,C005,,Website,P005,21,28.0,0,588.0,Cancelled,DMI
WEB10657,2008-02-06,C021,,Website,P005,24,28.0,0.05,638.4,Completed,DMI
WEB10658,2008-02-07,C023,,Website,P005,16,28.0,0.02,439.04,Completed,DMI
WEB10659,2008-02-08,C029,,Website,P006,5,31.5,0,157.5,Completed,DMI
WEB10660,2008-02-09,C021,,Website,P005,9,28.0,0,252.0,Completed,DMI
WEB10661,2008-02-10,C021,,Website,P002,15,55.0,0.05,783.75,Completed,DMI
WEB10662,2008-02-10,C003,,Website,P002,10,55.0,0.02,539.0,Completed,DMI
WEB10663,2008-02-10,C002,,Website,P007,7,37.0,0,259.0,Completed,DMI
WEB10664,2008-02-12,C012,,Website,P008,13,34.0,0,442.0,Completed,DMI
WEB10665,2008-02-12,C007,,Website,P002,22,55.0,0,1210.0,Cancelled,DMI
WEB10666,2008-02-12,C007,,Website,P006,14,31.5,0.05,418.95,Completed,DMI
WEB10667,2008-02-13,C001,,Website,P005,20,28.0,0,560.0,Completed,DMI
WEB10668,2008-02-14,C023,,Website,P004,16,68.0,0,1088.0,Completed,DMI
WEB10669,2008-02-14,C027,,Website,P006,4,31.5,0,126.0,Completed,DMI
WEB10670,2008-02-14,C022,,Website,P003,4,61.0,0.05,231.8,Completed,DMI
WEB10671,2008-02-17,C024,,Website,P004,17,68.0,0,1156.0,Completed,DMI
WEB10672,2008-02-17,C006,,Website,P007,22,37.0,0,814.0,Completed,DMI
WEB10673,2008-02-17,C011,,Website,P002,5,55.0,0.05,261.25,Completed,DMI
WEB10674,2008-02-20,C016,,Website,P001,12,42.5,0.02,499.8,Completed,DMI
WEB10675,2008-02-20,C025,,Website,P008,1,34.0,0.05,32.3,Completed,DMI
WEB10676,2008-02-20,C014,,Website,P008,5,34.0,0,170.0,Completed,DMI
WEB10677,2008-02-21,C025,,Website,P008,2,34.0,0.05,64.6,Completed,DMI
WEB10678,2008-02-21,C019,,Website,P008,4,34.0,0.05,129.2,Completed,DMI
WEB10679,2008-02-23,C008,,Website,P001,6,42.5,0,255.0,Completed,DMI
WEB10680,2008-02-23,C002,,Website,P006,14,31.5,0.02,432.18,Completed,DMI
WEB10681,2008-02-24,C018,,Website,P002,6,55.0,0,330.0,Completed,DMI
WEB10682,2008-02-24,C024,,Website,P002,1,55.0,0,55.0,Completed,DMI
WEB10683,2008-02-25,C013,,Website,P008,23,34.0,0,782.0,Completed,DMI
WEB10684,2008-02-27,C029,,Website,P008,25,34.0,0.02,833.0,Completed,DMI
WEB10685,2008-02-27,C022,,Website,P003,12,61.0,0,732.0,Completed,DMI
WEB10686,2008-02-28,C018,,Website,P005,12,28.0,0,336.0,Completed,DMI
WEB10687,2008-02-28,C015,,Website,P005,20,28.0,0.02,548.8,Completed,DMI
WEB10688,2008-02-29,C027,,Website,P002,1,55.0,0,55.0,Returned,DMI
WEB10689,2008-02-29,C030,,Website,P004,25,68.0,0,1700.0,Completed,DMI
WEB10690,2008-02-29,C005,,Website,P004,11,68.0,0.05,710.6,Completed,DMI
WEB10691,2008-03-01,C028,,Website,P001,19,42.5,0.05,767.12,Completed,DMI
WEB10692,2008-03-02,C017,,Website,P004,4,68.0,0,272.0,Completed,DMI
WEB10693,2008-03-02,C002,,Website,P007,4,37.0,0,148.0,Completed,DMI
WEB10694,2008-03-02,C001,,Website,P006,11,31.5,0.05,329.18,Completed,DMI
WEB10695,2008-03-05,C027,,Website,P003,3,61.0,0,183.0,Completed,DMI
WEB10696,2008-03-05,C004,,Website,P001,21,42.5,0.02,874.65,Completed,DMI
WEB10697,2008-03-05,C007,,Website,P001,11,42.5,0,467.5,Cancelled,DMI
WEB10698,2008-03-07,C006,,Website,P002,16,55.0,0,880.0,Completed,DMI
WEB10699,2008-03-07,C007,,Website,P004,23,68.0,0,1564.0,Completed,DMI
WEB10700,2008-03-08,C030,,Website,P003,8,61.0,0,488.0,Completed,DMI
WEB10701,2008-03-09,C006,,Website,P002,10,55.0,0,550.0,Cancelled,DMI
WEB10702,2008-03-11,C023,,Website,P007,9,37.0,0,333.0,Completed,DMI
WEB10703,2008-03-11,C031,,Website,P006,21,31.5,0,661.5,Completed,DMI
WEB10704,2008-03-11,C016,,Website,P006,7,31.5,0,220.5,Returned,DMI
WEB10705,2008-03-12,C016,,Website,P006,19,31.5,0,598.5,Cancelled,DMI
WEB10706,2008-03-12,C029,,Website,P005,20,28.0,0,560.0,Completed,DMI
WEB10707,2008-03-13,C022,,Website,P004,6,68.0,0,408.0,Completed,DMI
WEB10708,2008-03-14,C002,,Website,P004,16,68.0,0.02,1066.24,Completed,DMI
WEB10709,2008-03-14,C030,,Website,P004,7,68.0,0.02,466.48,Completed,DMI
WEB10710,2008-03-14,C027,,Website,P008,1,34.0,0,34.0,Completed,DMI
WEB10711,2008-03-15,C002,,Website,P003,8,61.0,0,488.0,Completed,DMI
WEB10712,2008-03-17,C016,,Website,P003,12,61.0,0.05,695.4,Completed,DMI
WEB10713,2008-03-17,C017,,Website,P004,12,68.0,0.02,799.68,Completed,DMI
WEB10714,2008-03-17,C027,,Website,P002,13,55.0,0,715.0,Completed,DMI
WEB10715,2008-03-19,C029,,Website,P006,8,31.5,0.05,239.4,Completed,DMI
WEB10716,2008-03-19,C021,,Website,P001,20,42.5,0.02,833.0,Completed,DMI
WEB10717,2008-03-19,C023,,Website,P007,22,37.0,0,814.0,Completed,DMI
WEB10718,2008-03-20,C015,,Website,P004,8,68.0,0,544.0,Completed,DMI
WEB10719,2008-03-20,C018,,Website,P004,25,68.0,0.05,1615.0,Completed,DMI
WEB10720,2008-03-22,C025,,Website,P002,2,55.0,0.02,107.8,Completed,DMI
WEB10721,2008-03-22,C003,,Website,P008,21,34.0,0,714.0,Completed,DMI
WEB10722,2008-03-22,C028,,Website,P004,9,68.0,0.05,581.4,Completed,DMI
WEB10723,2008-03-23,C010,,Website,P006,19,31.5,0,598.5,Completed,DMI
WEB10724,2008-03-23,C017,,Website,P005,23,28.0,0,644.0,Completed,DMI
WEB10725,2008-03-24,C001,,Website,P004,18,68.0,0.05,1162.8,Cancelled,DMI
WEB10726,2008-03-25,C010,,Website,P002,16,55.0,0.05,836.0,Completed,DMI
WEB10727,2008-03-25,C011,,Website,P005,4,28.0,0.05,106.4,Completed,DMI
WEB10728,2008-03-25,C013,,Website,P002,24,55.0,0,1320.0,Completed,DMI
WEB10729,2008-03-27,C013,,Website,P007,11,37.0,0,407.0,Completed,DMI
WEB10730,2008-03-27,C004,,Website,P006,4,31.5,0.02,123.48,Completed,DMI
WEB10731,2008-03-28,C004,,Website,P005,3,28.0,0,84.0,Completed,DMI
WEB10732,2008-03-28,C030,,Website,P008,5,34.0,0.05,161.5,Completed,DMI
WEB10733,2008-03-28,C028,,Website,P002,20,55.0,0,1100.0,Completed,DMI
WEB10734,2008-03-30,C021,,Website,P008,4,34.0,0.05,129.2,Cancelled,DMI
WEB10735,2008-03-30,C008,,Website,P006,18,31.5,0,567.0,Completed,DMI
WEB10736,2008-03-31,C013,,Website,P007,21,37.0,0.02,761.46,Completed,DMI
WEB10737,2008-03-31,C025,,Website,P004,15,68.0,0,1020.0,Completed,DMI
WEB10738,2008-04-01,C003,,Website,P005,21,28.0,0,588.0,Completed,DMI
WEB10739,2008-04-04,C019,,Website,P008,8,34.0,0.02,266.56,Completed,DMI
WEB10740,2008-04-04,C003,,Website,P004,24,68.0,0,1632.0,Completed,DMI
WEB10741,2008-04-05,C011,,Website,P004,10,68.0,0,680.0,Completed,DMI
WEB10742,2008-04-05,C030,,Website,P005,14,28.0,0.02,384.16,Completed,DMI
WEB10743,2008-04-05,C018,,Website,P005,21,28.0,0.05,558.6,Completed,DMI
WEB10744,2008-04-06,C011,,Website,P007,10,37.0,0.02,362.6,Completed,DMI
WEB10745,2008-04-06,C017,,Website,P007,15,37.0,0.02,543.9,Completed,DMI
WEB10746,2008-04-06,C023,,Website,P003,22,61.0,0,1342.0,Completed,DMI
WEB10747,2008-04-07,C016,,Website,P001,2,42.5,0,85.0,Completed,DMI
WEB10748,2008-04-08,C008,,Website,P001,24,42.5,0.05,969.0,Completed,DMI
WEB10749,2008-04-08,C013,,Website,P008,2,34.0,0.05,64.6,Completed,DMI
WEB10750,2008-04-08,C022,,Website,P008,21,34.0,0,714.0,Completed,DMI
WEB10751,2008-04-10,C020,,Website,P002,15,55.0,0.05,783.75,Completed,DMI
WEB10752,2008-04-10,C022,,Website,P003,18,61.0,0.02,1076.04,Completed,DMI
WEB10753,2008-04-11,C018,,Website,P002,4,55.0,0.05,209.0,Completed,DMI
WEB10754,2008-04-11,C008,,Website,P003,7,61.0,0.05,405.65,Completed,DMI
WEB10755,2008-04-12,C007,,Website,P002,3,55.0,0,165.0,Completed,DMI
WEB10756,2008-04-12,C009,,Website,P002,6,55.0,0.02,323.4,Completed,DMI
WEB10757,2008-04-12,C030,,Website,P003,23,61.0,0.02,1374.94,Completed,DMI
WEB10758,2008-04-13,C026,,Website,P002,10,55.0,0.05,522.5,Completed,DMI
WEB10759,2008-04-14,C023,,Website,P007,25,37.0,0.05,878.75,Completed,DMI
WEB10760,2008-04-14,C018,,Website,P008,17,34.0,0,578.0,Returned,DMI
WEB10761,2008-04-15,C029,,Website,P005,20,28.0,0,560.0,Returned,DMI
WEB10762,2008-04-15,C023,,Website,P005,10,28.0,0.05,266.0,Returned,DMI
WEB10763,2008-04-16,C029,,Website,P005,14,28.0,0,392.0,Cancelled,DMI
WEB10764,2008-04-16,C029,,Website,P007,24,37.0,0,888.0,Completed,DMI
WEB10765,2008-04-16,C013,,Website,P008,7,34.0,0,238.0,Completed,DMI
WEB10766,2008-04-17,C023,,Website,P002,21,55.0,0,1155.0,Completed,DMI
WEB10767,2008-04-17,C024,,Website,P006,15,31.5,0.02,463.05,Returned,DMI
WEB10768,2008-04-18,C013,,Website,P007,13,37.0,0.02,471.38,Completed,DMI
WEB10769,2008-04-18,C007,,Website,P006,25,31.5,0.05,748.12,Completed,DMI
WEB10770,2008-04-18,C013,,Website,P004,15,68.0,0.02,999.6,Completed,DMI
WEB10771,2008-04-19,C017,,Website,P001,23,42.5,0,977.5,Completed,DMI
WEB10772,2008-04-19,C008,,Website,P005,16,28.0,0,448.0,Completed,DMI
WEB10773,2008-04-20,C023,,Website,P004,16,68.0,0,1088.0,Completed,DMI
WEB10774,2008-04-20,C002,,Website,P004,9,68.0,0.02,599.76,Completed,DMI
WEB10775,2008-04-20,C030,,Website,P005,22,28.0,0.05,585.2,Completed,DMI
WEB10776,2008-04-21,C008,,Website,P005,21,28.0,0,588.0,Cancelled,DMI
WEB10777,2008-04-21,C017,,Website,P006,10,31.5,0,315.0,Cancelled,DMI
WEB10778,2008-04-22,C003,,Website,P002,9,55.0,0,495.0,Completed,DMI
WEB10779,2008-04-23,C008,,Website,P005,3,28.0,0.02,82.32,Completed,DMI
WEB10780,2008-04-23,C017,,Website,P002,7,55.0,0,385.0,Completed,DMI
WEB10781,2008-04-23,C010,,Website,P006,22,31.5,0,693.0,Completed,DMI
WEB10782,2008-04-24,C008,,Website,P005,5,28.0,0,140.0,Completed,DMI
WEB10783,2008-04-24,C008,,Website,P008,11,34.0,0,374.0,Completed,DMI
WEB10784,2008-04-24,C015,,Website,P007,12,37.0,0.02,435.12,Completed,DMI
WEB10785,2008-04-25,C008,,Website,P001,1,42.5,0.05,40.38,Completed,DMI
WEB10786,2008-04-25,C026,,Website,P002,9,55.0,0.02,485.1,Completed,DMI
WEB10787,2008-04-25,C007,,Website,P003,15,61.0,0.02,896.7,Completed,DMI
WEB10788,2008-04-26,C006,,Website,P006,3,31.5,0,94.5,Returned,DMI
WEB10789,2008-04-26,C012,,Website,P007,18,37.0,0.05,632.7,Completed,DMI
WEB10790,2008-04-26,C018,,Website,P003,4,61.0,0,244.0,Cancelled,DMI
WEB10791,2008-04-28,C001,,Website,P007,25,37.0,0,925.0,Completed,DMI
WEB10792,2008-04-30,C005,,Website,P007,1,37.0,0,37.0,Completed,DMI
WEB10793,2008-05-01,C020,,Website,P004,16,68.0,0,1088.0,Completed,DMI
WEB10794,2008-05-01,C011,,Website,P004,5,68.0,0,340.0,Completed,DMI
WEB10795,2008-05-01,C025,,Website,P008,14,34.0,0,476.0,Completed,DMI
WEB10796,2008-05-03,C004,,Website,P004,2,68.0,0.05,129.2,Completed,DMI
WEB10797,2008-05-03,C007,,Website,P002,13,55.0,0,715.0,Completed,DMI
WEB10798,2008-05-04,C016,,Website,P007,2,37.0,0.05,70.3,Completed,DMI
WEB10799,2008-05-05,C002,,Website,P007,12,37.0,0,444.0,Completed,DMI
WEB10800,2008-05-08,C017,,Website,P007,16,37.0,0.02,580.16,Completed,DMI
WEB10801,2008-05-08,C025,,Website,P005,9,28.0,0.05,239.4,Completed,DMI
WEB10802,2008-05-08,C018,,Website,P003,16,61.0,0.05,927.2,Completed,DMI
WEB10803,2008-05-11,C031,,Website,P004,10,68.0,0,680.0,Completed,DMI
WEB10804,2008-05-11,C002,,Website,P007,6,37.0,0.05,210.9,Completed,DMI
WEB10805,2008-05-11,C012,,Website,P004,23,68.0,0,1564.0,Completed,DMI
WEB10806,2008-05-12,C003,,Website,P002,19,55.0,0,1045.0,Completed,DMI
WEB10807,2008-05-14,C017,,Website,P008,18,34.0,0.05,581.4,Completed,DMI
WEB10808,2008-05-15,C023,,Website,P002,23,55.0,0,1265.0,Completed,DMI
WEB10809,2008-05-15,C011,,Website,P005,10,28.0,0,280.0,Completed,DMI
WEB19999,2007-10-19,C031,,Website,P003,1,61.0,0,61.0,Completed,DMI
